StandardName	InPopulation	StandardZnfContent	Alleva.2021	Baudat.2010	Berg.2010	Berg.2011	Beyter.2021	Borel.2012	Hussin.2013	Oliver.2009	Parvanov.2010	Ponting.2011	GenBank.2021
P001	TRUE	Z001_Z002_Z003_Z004_Z004_Z005_Z003_Z006_Z007_Z008_Z006_Z009_Z010	A	A	A	A	NA	A	NA	isolate.1	M1	A	NA
P002	TRUE	Z001_Z002_Z003_Z004_Z004_Z003_Z003_Z006_Z007_Z008_Z006_Z009_Z010	B	B	B	B	chr5:23526974:XN.5	B	NA	isolate.4	M2	B	AF275816.1
P003	TRUE	Z001_Z002_Z003_Z004_Z004_Z003_Z003_Z006_Z011_Z008_Z012_Z008_Z009_Z010	C	C	C	C	NA	C	NA	NA	NA	C	NA
P004	TRUE	Z001_Z002_Z003_Z004_Z004_Z005_Z003_Z006_Z011_Z007_Z008_Z006_Z009_Z010	D	D	D	D	NA	D	NA	NA	NA	D	NA
P005	TRUE	Z001_Z002_Z003_Z004_Z008_Z006_Z009_Z010	E	E	E	E	chr5:23526974:DN.1	E	NA	NA	NA	E	NA
P006	TRUE	Z001_Z002_Z003_Z004_Z004_Z005_Z003_Z003_Z006_Z013_Z010	baudat_F	F	NA	NA	NA	F	NA	NA	NA	NA	NA
P007	TRUE	Z001_Z002_Z003_Z004_Z014_Z003_Z006_Z007_Z007_Z008_Z006_Z009_Z010	baudat_H	H	NA	NA	NA	NA	NA	NA	NA	NA	NA
P008	TRUE	Z001_Z002_Z003_Z004_Z004_Z003_Z003_Z006_Z011_Z008_Z012_Z008_Z008_Z008_Z009_Z010	baudat_I	I	NA	NA	NA	NA	NA	NA	NA	NA	NA
P009	TRUE	Z001_Z002_Z003_Z004_Z004_Z005_Z013_Z013_Z008_Z008_Z006_Z007_Z008_Z006_Z009_Z010	NA	K	NA	NA	NA	NA	NA	NA	NA	NA	NA
P010	TRUE	Z001_Z002_Z003_Z004_Z007_Z008_Z006_Z009_Z010	L1	NA	L1	L1	chr5:23526974:DN.2	L1	NA	NA	NA	L1	NA
P011	TRUE	Z001_Z002_Z003_Z004_Z004_Z003_Z006_Z007_Z008_Z006_Z009_Z010	L2	NA	L2	L2	NA	NA	NA	NA	NA	L2	NA
P012	TRUE	Z001_Z002_Z003_Z004_Z005_Z003_Z006_Z007_Z008_Z006_Z009_Z010	L3	NA	L3	L3	NA	NA	NA	NA	NA	L3	NA
P013	TRUE	Z001_Z002_Z003_Z004_Z004_Z003_Z003_Z003_Z004_Z004_Z003_Z006_Z011_Z008_Z012_Z008_Z009_Z010	L4	NA	L4	L4	NA	NA	NA	NA	NA	L4	NA
P014	TRUE	Z001_Z002_Z003_Z004_Z004_Z005_Z003_Z006_Z009_Z010	L5	NA	L5	L5	NA	NA	NA	NA	NA	L5	NA
P015	TRUE	Z001_Z002_Z003_Z004_Z004_Z003_Z003_Z003_Z006_Z011_Z008_Z012_Z015_Z009_Z010	L6	NA	L6	L6	NA	NA	NA	NA	NA	L6	NA
P016	TRUE	Z001_Z002_Z003_Z004_Z004_Z003_Z003_Z006_Z007_Z008_Z006_Z010	L7	NA	L7	L7	NA	NA	NA	NA	NA	L7	NA
P017	TRUE	Z001_Z002_Z003_Z004_Z004_Z005_Z003_Z003_Z006_Z011_Z008_Z012_Z008_Z009_Z010	L8	NA	L8	L8	NA	NA	NA	NA	NA	L8	NA
P018	TRUE	Z001_Z002_Z003_Z004_Z004_Z005_Z003_Z006_Z007_Z016_Z006_Z017_Z010	L9	NA	L9	L9	NA	NA	NA	NA	NA	L9	NA
P019	TRUE	Z001_Z003_Z004_Z004_Z005_Z003_Z006_Z007_Z008_Z006_Z009_Z010	L10	NA	L10	L10	NA	NA	NA	NA	NA	L10	NA
P020	TRUE	Z001_Z002_Z003_Z004_Z004_Z005_Z003_Z006_Z007_Z008_Z009_Z010	L11	NA	L11	L11	NA	NA	NA	NA	AA1	L11	NA
P021	TRUE	Z001_Z002_Z003_Z004_Z004_Z003_Z003_Z003_Z006_Z007_Z008_Z006_Z010	L12	NA	L12	L12	NA	NA	NA	NA	NA	L12	X12
P022	TRUE	Z001_Z002_Z003_Z004_Z004_Z005_Z003_Z006_Z007_Z008_Z017_Z009_Z010	L13	NA	L13	L13	NA	NA	NA	NA	NA	L13	NA
P023	TRUE	Z001_Z002_Z003_Z004_Z004_Z003_Z003_Z006_Z011_Z008_Z012_Z015_Z009_Z010	L14	NA	L14	L14	NA	NA	NA	NA	NA	L14	NA
P024	TRUE	Z001_Z002_Z003_Z004_Z004_Z003_Z003_Z006_Z011_Z008_Z012_Z008_Z009	L15	NA	L15	L15	NA	NA	NA	NA	NA	L15	NA
P025	TRUE	Z001_Z002_Z003_Z004_Z018_Z003_Z006_Z011_Z008_Z012_Z008_Z009_Z010	L16	NA	L16	L16	NA	NA	NA	NA	NA	L16	NA
P026	TRUE	Z001_Z002_Z003_Z004_Z004_Z011_Z003_Z003_Z006_Z011_Z008_Z012_Z008_Z009_Z010	L17	NA	L17	L17	NA	NA	NA	NA	NA	L17	NA
P027	TRUE	Z001_Z002_Z004_Z004_Z019_Z003_Z006_Z011_Z008_Z012_Z015_Z009_Z010	L18	NA	L18	L18	NA	NA	NA	NA	NA	L18	NA
P028	TRUE	Z001_Z002_Z003_Z004_Z004_Z003_Z003_Z006_Z011_Z008_Z012_Z008_Z017_Z009_Z010	L19	NA	L19	L19	NA	L19	NA	NA	NA	L19	NA
P029	TRUE	Z001_Z002_Z003_Z004_Z004_Z005_Z003_Z006_Z007_Z011_Z006_Z017_Z010	L20	NA	L20	L20	NA	NA	NA	NA	NA	L20	NA
P030	TRUE	Z001_Z002_Z003_Z004_Z004_Z005_Z005_Z003_Z006_Z007_Z008_Z006_Z009_Z010	L21	NA	L21	L21	NA	NA	NA	NA	NA	L21	NA
P031	TRUE	Z001_Z002_Z003_Z004_Z004_Z005_Z003_Z006_Z007_Z008_Z008_Z006_Z009_Z010	L22	NA	L22	L22	NA	NA	NA	NA	NA	L22	NA
P032	TRUE	Z001_Z002_Z003_Z004_Z004_Z005_Z003_Z006_Z006_Z008_Z006_Z017_Z010	L23	NA	L23	L23	NA	NA	NA	NA	NA	L23	NA
P033	TRUE	Z001_Z002_Z003_Z004_Z004_Z005_Z003_Z006_Z020_Z016_Z006_Z017_Z010	L24	NA	L24	L24	NA	NA	NA	NA	NA	NA	NA
P034	TRUE	Z001_Z002_Z003_Z004_Z004_Z005_Z003_Z006_Z021_Z008_Z006_Z009_Z010	M4	NA	NA	L25	NA	NA	NA	NA	NA	NA	NA
P035	TRUE	Z001_Z002_Z003_Z004_Z004_Z005_Z003_Z006_Z007_Z008_Z006_Z017_Z010	M10	NA	NA	L26	NA	NA	L37	NA	NA	NA	NA
P036	TRUE	Z001_Z002_Z003_Z004_Z004_Z022_Z003_Z006_Z007_Z008_Z006_Z009_Z010	L27	NA	NA	L27	NA	NA	NA	NA	NA	NA	NA
P037	TRUE	Z001_Z002_Z003_Z004_Z007_Z008_Z006_Z009_Z007_Z008_Z006_Z009_Z010	NA	NA	NA	NA	NA	L28	NA	NA	NA	NA	NA
P038	TRUE	Z001_Z002_Z003_Z004_Z005_Z003_Z004_Z003_Z003_Z006_Z007_Z008_Z006_Z009_Z010	NA	NA	NA	NA	NA	L29	NA	NA	NA	NA	NA
P039	TRUE	Z001_Z002_Z003_Z004_Z004_Z008_Z003_Z006_Z011_Z008_Z012_Z008_Z009_Z010	NA	NA	NA	NA	NA	L30	NA	NA	NA	NA	NA
P040	TRUE	Z001_Z002_Z005_Z003_Z006_Z007_Z008_Z006_Z009_Z010	Av:0128	NA	NA	NA	NA	L31	NA	NA	NA	NA	NA
P041	TRUE	Z001_Z002_Z003_Z069_Z004_Z005_Z003_Z006_Z007_Z008_Z006_Z009_Z010	M5	NA	NA	NA	NA	NA	L32	NA	NA	NA	NA
P042	TRUE	Z001_Z002_Z003_Z004_Z004_Z004_Z005_Z003_Z006_Z007_Z008_Z006_Z009_Z010	Av:0024	NA	NA	NA	NA	NA	L33	NA	NA	NA	NA
P043	TRUE	Z001_Z002_Z003_Z004_Z004_Z005_Z003_Z006_Z007_Z008_Z006_Z070_Z010	NA	NA	NA	NA	NA	NA	L34	NA	NA	NA	NA
P044	TRUE	Z001_Z002_Z003_Z004_Z004_Z005_Z003_Z071_Z007_Z008_Z006_Z009_Z010	NA	NA	NA	NA	NA	NA	L35	NA	NA	NA	NA
P045	TRUE	Z001_Z002_Z018_Z004_Z004_Z005_Z003_Z006_Z007_Z008_Z006_Z009_Z010	NA	NA	NA	NA	NA	NA	L36	NA	NA	NA	NA
P046	TRUE	Z001_Z002_Z003_Z004_Z004_Z005_Z003_Z068_Z007_Z008_Z006_Z017_Z010	NA	NA	NA	NA	NA	NA	L38	NA	NA	NA	NA
P047	TRUE	Z001_Z002_Z003_Z006_Z007_Z008_Z006_Z009_Z010	Av:0001	NA	NA	NA	NA	NA	NA	NA	NA	NA	L39
P048	TRUE	Z001_Z002_Z003_Z004_Z004_Z005_Z003_Z006_Z017_Z010	NA	NA	NA	NA	NA	NA	NA	NA	NA	NA	L40
P049	TRUE	Z001_Z002_Z003_Z004_Z051_Z004_Z004_Z005_Z003_Z006_Z007_Z008_Z006_Z009_Z010	NA	NA	NA	NA	NA	NA	NA	NA	NA	NA	L41
P050	TRUE	Z001_Z002_Z003_Z004_Z004_Z005_Z003_Z006_Z007_Z060_Z006_Z009_Z010	NA	NA	NA	NA	NA	NA	NA	NA	NA	NA	L42
P051	TRUE	Z001_Z002_Z003_Z004_Z004_Z005_Z003_Z006_Z007_Z008_Z006_Z008_Z009_Z010	NA	NA	NA	NA	NA	NA	NA	NA	NA	NA	L43
P052	TRUE	Z001_Z002_Z003_Z004_Z004_Z005_Z003_Z006_Z007_Z008_Z006_Z009	Av:0017	NA	NA	NA	NA	NA	NA	NA	NA	NA	L44
P053	TRUE	Z001_Z081_Z003_Z004_Z004_Z005_Z003_Z071_Z007_Z008_Z006_Z009_Z010	NA	NA	NA	NA	NA	NA	NA	NA	NA	NA	L45
P054	TRUE	Z001_Z002_Z003_Z004_Z004_Z005_Z003_Z045_Z007_Z008_Z006_Z009_Z010	NA	NA	NA	NA	NA	NA	NA	NA	NA	NA	L46
P055	TRUE	Z001_Z002_Z003_Z004_Z085_Z005_Z003_Z006_Z007_Z008_Z006_Z009_Z010	NA	NA	NA	NA	NA	NA	NA	isolate.10	NA	NA	NA
P056	TRUE	Z001_Z002_Z003_Z004_Z004_Z005_Z018_Z006_Z007_Z008_Z006_Z009_Z010	NA	NA	NA	NA	NA	NA	NA	isolate.10b	NA	NA	NA
P057	TRUE	Z001_Z002_Z003_Z004_Z085_Z003_Z087_Z006_Z007_Z008_Z006_Z009_Z010	NA	NA	NA	NA	NA	NA	NA	isolate.18a	NA	NA	NA
P058	TRUE	Z001_Z002_Z003_Z004_Z004_Z005_Z003_Z006_Z007_Z008_Z086_Z009_Z010	NA	NA	NA	NA	NA	NA	NA	isolate.6a	NA	NA	NA
P059	TRUE	Z001_Z084_Z003_Z004_Z004_Z005_Z003_Z006_Z007_Z008_Z006_Z009_Z010	NA	NA	NA	NA	NA	NA	NA	isolate.7	NA	NA	NA
P060	TRUE	Z001_Z002_Z003_Z004_Z004_Z005_Z003_Z006_Z007_Z008_Z090_Z091_Z045_Z065_Z009_Z010	NA	NA	NA	NA	NA	NA	NA	NA	AA11	NA	NA
P061	TRUE	Z001_Z002_Z003_Z004_Z004_Z003_Z003_Z088_Z012_Z015_Z089_Z010	NA	NA	NA	NA	NA	NA	NA	NA	AA2	NA	NA
P062	TRUE	Z001_Z002_Z003_Z004_Z004_Z003_Z003_Z006_Z092_Z008_Z012_Z008_Z045_Z010	NA	NA	NA	NA	NA	NA	NA	NA	CH3	NA	NA
P063	FALSE	Z033_Z011_Z008_Z012_Z008_Z009_Z010	Cv:0189	NA	NA	NA	NA	NA	NA	NA	NA	NA	NA
P064	FALSE	Z001_Z002_Z002_Z003_Z004_Z004_Z003_Z003_Z006_Z011_Z008_Z012_Z008_Z009_Z010	Cv:0391	NA	NA	NA	NA	NA	NA	NA	NA	NA	NA
P065	FALSE	Z001_Z002_Z003_Z003_Z002_Z003_Z004_Z004_Z022_Z003_Z006_Z007_Z008_Z006_Z009_Z010	L27v:0078	NA	NA	NA	NA	NA	NA	NA	NA	NA	NA
P066	FALSE	Z001_Z002_Z003_Z003_Z003_Z003_Z004_Z004_Z003_Z003_Z006_Z011_Z008_Z012_Z015_Z009_Z010	L14v:0339	NA	NA	NA	NA	NA	NA	NA	NA	NA	NA
P067	FALSE	Z001_Z002_Z003_Z003_Z003_Z003_Z004_Z004_Z005_Z003_Z006_Z007_Z008_Z006_Z009_Z010	Av:0358	NA	NA	NA	NA	NA	NA	NA	NA	NA	NA
P068	FALSE	Z001_Z002_Z003_Z003_Z003_Z006_Z011_Z008_Z012_Z008_Z009	L15v:0139	NA	NA	NA	NA	NA	NA	NA	NA	NA	NA
P069	FALSE	Z001_Z002_Z003_Z003_Z003_Z043_Z004_Z003_Z003_Z006_Z011_Z008_Z012_Z015_Z009_Z010	L14v:0290	NA	NA	NA	NA	NA	NA	NA	NA	NA	NA
P070	FALSE	Z001_Z002_Z003_Z003_Z004_Z004_Z003_Z003_Z006_Z011_Z008_Z012_Z008_Z009_Z010	Cv:0190	NA	NA	NA	NA	NA	NA	NA	NA	NA	NA
P071	FALSE	Z001_Z002_Z003_Z003_Z004_Z004_Z005_Z003_Z006_Z007_Z008_Z006_Z009_Z010	Av:0022	NA	NA	NA	NA	NA	NA	NA	NA	NA	NA
P072	FALSE	Z001_Z002_Z003_Z003_Z004_Z004_Z005_Z003_Z006_Z011_Z007_Z008_Z006_Z009_Z010	Dv:0508	NA	NA	NA	NA	NA	NA	NA	NA	NA	NA
P073	FALSE	Z001_Z002_Z003_Z003_Z004_Z004_Z005_Z053_Z003_Z004_Z004_Z005_Z003_Z006_Z007_Z008_Z006_Z009_Z010	Av:0092	NA	NA	NA	NA	NA	NA	NA	NA	NA	NA
P074	TRUE	Z001_Z002_Z003_Z003_Z006_Z007_Z008_Z006_Z009_Z010	Av:0003	NA	NA	NA	NA	NA	NA	NA	NA	NA	X13
P075	FALSE	Z001_Z002_Z003_Z003_Z006_Z011_Z008_Z012_Z008_Z009	L15v:0132	NA	NA	NA	NA	NA	NA	NA	NA	NA	NA
P076	FALSE	Z001_Z002_Z003_Z003_Z006_Z011_Z008_Z012_Z008_Z009_Z010	Cv:0203	NA	NA	NA	NA	NA	NA	NA	NA	NA	NA
P077	FALSE	Z001_Z002_Z003_Z004_Z036_Z006_Z007_Z008_Z006_Z009_Z010	Rv:0490	NA	NA	NA	NA	NA	NA	NA	NA	NA	NA
P078	FALSE	Z001_Z002_Z003_Z004_Z003_Z003_Z003_Z004_Z004_Z003_Z003_Z006_Z011_Z008_Z012_Z015_Z009_Z010	L14v:0354	NA	NA	NA	NA	NA	NA	NA	NA	NA	NA
P079	FALSE	Z001_Z002_Z003_Z004_Z003_Z003_Z004_Z003_Z043_Z004_Z005_Z003_Z006_Z007_Z008_Z006_Z009_Z010	Av:0117	NA	NA	NA	NA	NA	NA	NA	NA	NA	NA
P080	FALSE	Z001_Z002_Z003_Z004_Z003_Z003_Z006_Z011_Z008_Z012_Z008_Z009	L15v:0157	NA	NA	NA	NA	NA	NA	NA	NA	NA	NA
P081	TRUE	Z001_Z002_Z003_Z004_Z003_Z003_Z006_Z011_Z008_Z012_Z008_Z009_Z010	Cv:0212	NA	NA	NA	NA	NA	NA	NA	NA	NA	X8
P082	FALSE	Z001_Z002_Z003_Z004_Z003_Z003_Z006_Z011_Z008_Z012_Z015_Z009_Z010	L14v:0302	NA	NA	NA	NA	NA	NA	NA	NA	NA	NA
P083	FALSE	Z001_Z002_Z003_Z004_Z003_Z004_Z004_Z003_Z003_Z003_Z006_Z007_Z008_Z006_Z010	L12v:0085	NA	NA	NA	NA	NA	NA	NA	NA	NA	NA
P084	FALSE	Z001_Z002_Z003_Z004_Z003_Z004_Z004_Z003_Z003_Z006_Z011_Z008_Z012_Z008_Z009_Z010	Cv:0213	NA	NA	NA	NA	NA	NA	NA	NA	NA	NA
P085	FALSE	Z001_Z002_Z003_Z004_Z003_Z004_Z004_Z005_Z003_Z004_Z003_Z004_Z004_Z005_Z003_Z006_Z007_Z008_Z006_Z009_Z010	Av:0463	NA	NA	NA	NA	NA	NA	NA	NA	NA	NA
P086	FALSE	Z001_Z002_Z003_Z004_Z003_Z004_Z004_Z005_Z003_Z006_Z007_Z008_Z006_Z009_Z010	Av:0101	NA	NA	NA	NA	NA	NA	NA	NA	NA	NA
P087	FALSE	Z001_Z002_Z003_Z004_Z003_Z004_Z018_Z003_Z006_Z011_Z008_Z012_Z008_Z009_Z010	L16v:0379	NA	NA	NA	NA	NA	NA	NA	NA	NA	NA
P088	FALSE	Z001_Z002_Z003_Z004_Z004_Z002_Z043_Z035_Z002_Z043_Z004_Z003_Z003_Z006_Z011_Z008_Z012_Z008_Z009_Z010	Cv:0239	NA	NA	NA	NA	NA	NA	NA	NA	NA	NA
P089	FALSE	Z001_Z002_Z003_Z004_Z004_Z003_Z038_Z009_Z010	L14v:0275	NA	NA	NA	NA	NA	NA	NA	NA	NA	NA
P090	FALSE	Z001_Z002_Z003_Z004_Z004_Z003_Z003_Z003_Z003_Z003_Z003_Z006_Z007_Z008_Z006_Z010	L12v:0099	NA	NA	NA	NA	NA	NA	NA	NA	NA	NA
P091	FALSE	Z001_Z002_Z003_Z004_Z004_Z003_Z003_Z003_Z003_Z004_Z014_Z003_Z006_Z007_Z008_Z006_Z009_Z010	Rv:0090	NA	NA	NA	NA	NA	NA	NA	NA	NA	NA
P092	FALSE	Z001_Z002_Z003_Z004_Z004_Z003_Z003_Z003_Z004_Z004_Z003_Z004_Z004_Z003_Z003_Z006_Z011_Z008_Z012_Z008_Z009_Z010	Cv:0415	NA	NA	NA	NA	NA	NA	NA	NA	NA	NA
P093	FALSE	Z001_Z002_Z003_Z004_Z004_Z003_Z003_Z003_Z005_Z003_Z006_Z007_Z008_Z006_Z009_Z010	Av:0242	NA	NA	NA	NA	NA	NA	NA	NA	NA	NA
P094	FALSE	Z001_Z002_Z003_Z004_Z004_Z003_Z003_Z003_Z006_Z006_Z011_Z008_Z012_Z015_Z009_Z010	L14v:0363	NA	NA	NA	NA	NA	NA	NA	NA	NA	NA
P095	FALSE	Z001_Z002_Z003_Z004_Z004_Z003_Z003_Z003_Z006_Z007_Z003_Z005_Z003_Z006_Z007_Z008_Z006_Z009_Z010	Av:0357	NA	NA	NA	NA	NA	NA	NA	NA	NA	NA
P096	FALSE	Z001_Z002_Z003_Z004_Z004_Z003_Z003_Z003_Z006_Z007_Z006_Z006_Z007_Z006_Z006_Z007_Z008_Z006_Z010	L12v:0096	NA	NA	NA	NA	NA	NA	NA	NA	NA	NA
P097	FALSE	Z001_Z002_Z003_Z004_Z004_Z003_Z003_Z003_Z006_Z007_Z007_Z052_Z008_Z006_Z010	L12v:0087	NA	NA	NA	NA	NA	NA	NA	NA	NA	NA
P098	FALSE	Z001_Z002_Z003_Z004_Z004_Z003_Z003_Z003_Z006_Z007_Z008_Z006_Z006_Z007_Z008_Z006_Z008_Z045_Z010	L12v:0271	NA	NA	NA	NA	NA	NA	NA	NA	NA	NA
P099	FALSE	Z001_Z002_Z003_Z004_Z004_Z003_Z003_Z003_Z006_Z007_Z008_Z006_Z006_Z007_Z008_Z006_Z010	L12v:0086	NA	NA	NA	NA	NA	NA	NA	NA	NA	NA
P100	FALSE	Z001_Z002_Z003_Z004_Z004_Z003_Z003_Z003_Z006_Z007_Z008_Z006_Z007_Z008_Z006_Z010	L12v:0263	NA	NA	NA	NA	NA	NA	NA	NA	NA	NA
P101	FALSE	Z001_Z002_Z003_Z004_Z004_Z003_Z003_Z003_Z006_Z007_Z008_Z006_Z009_Z010	Rv:0150	NA	NA	NA	NA	NA	NA	NA	NA	NA	NA
P102	FALSE	Z001_Z002_Z003_Z004_Z004_Z003_Z003_Z003_Z006_Z007_Z008_Z006_Z011_Z008_Z008_Z017_Z010	Rv:0266	NA	NA	NA	NA	NA	NA	NA	NA	NA	NA
P103	FALSE	Z001_Z002_Z003_Z004_Z004_Z003_Z003_Z003_Z006_Z007_Z008_Z007_Z008_Z006_Z010	L12v:0089	NA	NA	NA	NA	NA	NA	NA	NA	NA	NA
P104	FALSE	Z001_Z002_Z003_Z004_Z004_Z003_Z003_Z003_Z006_Z007_Z008_Z007_Z008_Z007_Z007_Z008_Z012_Z008_Z009_Z010	Rv:0273	NA	NA	NA	NA	NA	NA	NA	NA	NA	NA
P105	FALSE	Z001_Z002_Z003_Z004_Z004_Z003_Z003_Z003_Z006_Z007_Z008_Z012_Z008_Z009_Z010	Rv:0270	NA	NA	NA	NA	NA	NA	NA	NA	NA	NA
P106	FALSE	Z001_Z002_Z003_Z004_Z004_Z003_Z003_Z003_Z006_Z007_Z008_Z045_Z017_Z017_Z010	L12v:0091	NA	NA	NA	NA	NA	NA	NA	NA	NA	NA
P107	FALSE	Z001_Z002_Z003_Z004_Z004_Z003_Z003_Z003_Z006_Z007_Z011_Z008_Z048_Z008_Z006_Z010	L12v:0100	NA	NA	NA	NA	NA	NA	NA	NA	NA	NA
P108	FALSE	Z001_Z002_Z003_Z004_Z004_Z003_Z003_Z003_Z006_Z008_Z006_Z007_Z008_Z006_Z010	L12v:0268	NA	NA	NA	NA	NA	NA	NA	NA	NA	NA
P109	FALSE	Z001_Z002_Z003_Z004_Z004_Z003_Z003_Z003_Z006_Z011_Z008_Z012_Z008_Z009	L15v:0136	NA	NA	NA	NA	NA	NA	NA	NA	NA	NA
P110	FALSE	Z001_Z002_Z003_Z004_Z004_Z003_Z003_Z003_Z006_Z011_Z008_Z012_Z008_Z009_Z010	Cv:0196	NA	NA	NA	NA	NA	NA	NA	NA	NA	NA
P111	FALSE	Z001_Z002_Z003_Z004_Z004_Z003_Z003_Z003_Z006_Z011_Z008_Z018_Z003_Z006_Z011_Z008_Z012_Z008_Z009_Z010	Cv:0240	NA	NA	NA	NA	NA	NA	NA	NA	NA	NA
P112	FALSE	Z001_Z002_Z003_Z004_Z004_Z003_Z003_Z004_Z004_Z003_Z003_Z003_Z003_Z006_Z011_Z008_Z012_Z015_Z009_Z010	L14v:0333	NA	NA	NA	NA	NA	NA	NA	NA	NA	NA
P113	FALSE	Z001_Z002_Z003_Z004_Z004_Z003_Z003_Z004_Z004_Z003_Z003_Z003_Z006_Z007_Z008_Z006_Z010	L12v:0264	NA	NA	NA	NA	NA	NA	NA	NA	NA	NA
P114	FALSE	Z001_Z002_Z003_Z004_Z004_Z003_Z003_Z004_Z004_Z003_Z003_Z006_Z011_Z008_Z012_Z008_Z009_Z010	Cv:0234	NA	NA	NA	NA	NA	NA	NA	NA	NA	NA
P115	FALSE	Z001_Z002_Z003_Z004_Z004_Z003_Z003_Z004_Z004_Z005_Z003_Z006_Z007_Z008_Z006_Z009_Z010	Rv:0181	NA	NA	NA	NA	NA	NA	NA	NA	NA	NA
P116	FALSE	Z001_Z002_Z003_Z004_Z004_Z003_Z003_Z004_Z018_Z003_Z006_Z011_Z008_Z012_Z008_Z009_Z010	Rv:0375	NA	NA	NA	NA	NA	NA	NA	NA	NA	NA
P117	FALSE	Z001_Z002_Z003_Z004_Z004_Z003_Z003_Z005_Z003_Z006_Z007_Z008_Z006_Z009_Z010	Rv:0401	NA	NA	NA	NA	NA	NA	NA	NA	NA	NA
P118	FALSE	Z001_Z002_Z003_Z004_Z004_Z003_Z003_Z006_Z037_Z004_Z004_Z003_Z003_Z004_Z004_Z003_Z003_Z011_Z008_Z012_Z008_Z009_Z010	Cv:0274	NA	NA	NA	NA	NA	NA	NA	NA	NA	NA
P119	FALSE	Z001_Z002_Z003_Z004_Z004_Z003_Z003_Z006_Z039_Z009_Z010	L14v:0284	NA	NA	NA	NA	NA	NA	NA	NA	NA	NA
P120	FALSE	Z001_Z002_Z003_Z004_Z004_Z003_Z003_Z006_Z003_Z006_Z011_Z008_Z012_Z015_Z009_Z010	L14v:0364	NA	NA	NA	NA	NA	NA	NA	NA	NA	NA
P121	FALSE	Z001_Z002_Z003_Z004_Z004_Z003_Z003_Z006_Z005_Z003_Z006_Z007_Z008_Z006_Z009_Z010	Rv:0412	NA	NA	NA	NA	NA	NA	NA	NA	NA	NA
P122	FALSE	Z001_Z002_Z003_Z004_Z004_Z003_Z003_Z006_Z006_Z011_Z008_Z012_Z008_Z009_Z010	Cv:0198	NA	NA	NA	NA	NA	NA	NA	NA	NA	NA
P123	FALSE	Z001_Z002_Z003_Z004_Z004_Z003_Z003_Z006_Z006_Z011_Z008_Z012_Z015_Z009_Z010	L14v:0319	NA	NA	NA	NA	NA	NA	NA	NA	NA	NA
P124	FALSE	Z001_Z002_Z003_Z004_Z004_Z003_Z003_Z006_Z007_Z008_Z011_Z008_Z012_Z015_Z009_Z010	Rv:0368	NA	NA	NA	NA	NA	NA	NA	NA	NA	NA
P125	FALSE	Z001_Z002_Z003_Z004_Z004_Z003_Z003_Z006_Z007_Z011_Z008_Z012_Z008_Z009	Rv:0144	NA	NA	NA	NA	NA	NA	NA	NA	NA	NA
P126	FALSE	Z001_Z002_Z003_Z004_Z004_Z003_Z003_Z006_Z007_Z011_Z008_Z012_Z015_Z009_Z010	Rv:0356	NA	NA	NA	NA	NA	NA	NA	NA	NA	NA
P127	FALSE	Z001_Z002_Z003_Z004_Z004_Z003_Z003_Z006_Z008_Z011_Z008_Z012_Z015_Z009_Z010	L14v:0374	NA	NA	NA	NA	NA	NA	NA	NA	NA	NA
P128	FALSE	Z001_Z002_Z003_Z004_Z004_Z003_Z003_Z006_Z008_Z012_Z008_Z009	L15v:0163	NA	NA	NA	NA	NA	NA	NA	NA	NA	NA
P129	FALSE	Z001_Z002_Z003_Z004_Z004_Z003_Z003_Z006_Z008_Z012_Z008_Z009_Z010	Cv:0220	NA	NA	NA	NA	NA	NA	NA	NA	NA	NA
P130	FALSE	Z001_Z002_Z003_Z004_Z004_Z003_Z003_Z006_Z008_Z012_Z011_Z008_Z012_Z015_Z009_Z010	L14v:0293	NA	NA	NA	NA	NA	NA	NA	NA	NA	NA
P131	FALSE	Z001_Z002_Z003_Z004_Z004_Z003_Z003_Z006_Z010	Cv:0195	NA	NA	NA	NA	NA	NA	NA	NA	NA	NA
P132	FALSE	Z001_Z002_Z003_Z004_Z004_Z003_Z003_Z006_Z011_Z036_Z012_Z036_Z012_Z008_Z009_Z010	Cv:0260	NA	NA	NA	NA	NA	NA	NA	NA	NA	NA
P133	FALSE	Z001_Z002_Z003_Z004_Z004_Z003_Z003_Z006_Z011_Z003_Z003_Z006_Z011_Z008_Z012_Z008_Z009_Z010	Cv:0317	NA	NA	NA	NA	NA	NA	NA	NA	NA	NA
P134	FALSE	Z001_Z002_Z003_Z004_Z004_Z003_Z003_Z006_Z011_Z003_Z006_Z011_Z008_Z012_Z015_Z009_Z010	L14v:0310	NA	NA	NA	NA	NA	NA	NA	NA	NA	NA
P135	FALSE	Z001_Z002_Z003_Z004_Z004_Z003_Z003_Z006_Z011_Z008_Z028_Z012_Z008_Z009_Z010	Cv:0394	NA	NA	NA	NA	NA	NA	NA	NA	NA	NA
P136	FALSE	Z001_Z002_Z003_Z004_Z004_Z003_Z003_Z006_Z011_Z008_Z034_Z003_Z008_Z012_Z008_Z009_Z010	Cv:0228	NA	NA	NA	NA	NA	NA	NA	NA	NA	NA
P137	FALSE	Z001_Z002_Z003_Z004_Z004_Z003_Z003_Z006_Z011_Z008_Z003_Z003_Z006_Z011_Z008_Z008_Z012_Z008_Z009	L15v:0184	NA	NA	NA	NA	NA	NA	NA	NA	NA	NA
P138	FALSE	Z001_Z002_Z003_Z004_Z004_Z003_Z003_Z006_Z011_Z008_Z003_Z003_Z006_Z011_Z008_Z012_Z015_Z009_Z010	L14v:0328	NA	NA	NA	NA	NA	NA	NA	NA	NA	NA
P139	FALSE	Z001_Z002_Z003_Z004_Z004_Z003_Z003_Z006_Z011_Z008_Z003_Z004_Z004_Z003_Z003_Z006_Z011_Z008_Z012_Z008_Z009_Z010	Cv:0416	NA	NA	NA	NA	NA	NA	NA	NA	NA	NA
P140	FALSE	Z001_Z002_Z003_Z004_Z004_Z003_Z003_Z006_Z011_Z008_Z003_Z006_Z006_Z011_Z008_Z052_Z012_Z008_Z009_Z010	Cv:0413	NA	NA	NA	NA	NA	NA	NA	NA	NA	NA
P141	FALSE	Z001_Z002_Z003_Z004_Z004_Z003_Z003_Z006_Z011_Z008_Z003_Z006_Z011_Z008_Z008_Z060_Z012_Z008_Z009_Z010	Rv:0411	NA	NA	NA	NA	NA	NA	NA	NA	NA	NA
P142	FALSE	Z001_Z002_Z003_Z004_Z004_Z003_Z003_Z006_Z011_Z008_Z003_Z006_Z011_Z008_Z012_Z008_Z009_Z010	Cv:0267	NA	NA	NA	NA	NA	NA	NA	NA	NA	NA
P143	FALSE	Z001_Z002_Z003_Z004_Z004_Z003_Z003_Z006_Z011_Z008_Z003_Z006_Z011_Z008_Z012_Z015_Z009_Z010	L14v:0322	NA	NA	NA	NA	NA	NA	NA	NA	NA	NA
P144	FALSE	Z001_Z002_Z003_Z004_Z004_Z003_Z003_Z006_Z011_Z008_Z003_Z006_Z011_Z015_Z009_Z010	L14v:0295	NA	NA	NA	NA	NA	NA	NA	NA	NA	NA
P145	FALSE	Z001_Z002_Z003_Z004_Z004_Z003_Z003_Z006_Z011_Z008_Z003_Z008_Z012_Z008_Z009_Z010	Cv:0283	NA	NA	NA	NA	NA	NA	NA	NA	NA	NA
P146	FALSE	Z001_Z002_Z003_Z004_Z004_Z003_Z003_Z006_Z011_Z008_Z003_Z012_Z008_Z009_Z010	Cv:0204	NA	NA	NA	NA	NA	NA	NA	NA	NA	NA
P147	FALSE	Z001_Z002_Z003_Z004_Z004_Z003_Z003_Z006_Z011_Z008_Z004_Z003_Z003_Z006_Z011_Z008_Z012_Z008_Z009	L15v:0183	NA	NA	NA	NA	NA	NA	NA	NA	NA	NA
P148	FALSE	Z001_Z002_Z003_Z004_Z004_Z003_Z003_Z006_Z011_Z008_Z004_Z004_Z003_Z003_Z006_Z011_Z008_Z012_Z008_Z009	L15v:0186	NA	NA	NA	NA	NA	NA	NA	NA	NA	NA
P149	FALSE	Z001_Z002_Z003_Z004_Z004_Z003_Z003_Z006_Z011_Z008_Z004_Z004_Z003_Z003_Z006_Z011_Z008_Z012_Z015_Z009_Z010	L14v:0337	NA	NA	NA	NA	NA	NA	NA	NA	NA	NA
P150	FALSE	Z001_Z002_Z003_Z004_Z004_Z003_Z003_Z006_Z011_Z008_Z006_Z007_Z008_Z012_Z008_Z009	Rv:0176	NA	NA	NA	NA	NA	NA	NA	NA	NA	NA
P151	FALSE	Z001_Z002_Z003_Z004_Z004_Z003_Z003_Z006_Z011_Z008_Z006_Z008_Z012_Z008_Z009	L15v:0160	NA	NA	NA	NA	NA	NA	NA	NA	NA	NA
P152	FALSE	Z001_Z002_Z003_Z004_Z004_Z003_Z003_Z006_Z011_Z008_Z006_Z011_Z034_Z006_Z011_Z008_Z012_Z015_Z009_Z010	L14v:0334	NA	NA	NA	NA	NA	NA	NA	NA	NA	NA
P153	FALSE	Z001_Z002_Z003_Z004_Z004_Z003_Z003_Z006_Z011_Z008_Z006_Z011_Z008_Z012_Z006_Z011_Z008_Z012_Z008_Z009	L15v:0187	NA	NA	NA	NA	NA	NA	NA	NA	NA	NA
P154	FALSE	Z001_Z002_Z003_Z004_Z004_Z003_Z003_Z006_Z011_Z008_Z006_Z012_Z008_Z005_Z012_Z008_Z009	L15v:0180	NA	NA	NA	NA	NA	NA	NA	NA	NA	NA
P155	FALSE	Z001_Z002_Z003_Z004_Z004_Z003_Z003_Z006_Z011_Z008_Z006_Z012_Z008_Z009_Z010	Cv:0395	NA	NA	NA	NA	NA	NA	NA	NA	NA	NA
P156	FALSE	Z001_Z002_Z003_Z004_Z004_Z003_Z003_Z006_Z011_Z008_Z008_Z009	L15v:0167	NA	NA	NA	NA	NA	NA	NA	NA	NA	NA
P157	FALSE	Z001_Z002_Z003_Z004_Z004_Z003_Z003_Z006_Z011_Z008_Z008_Z009_Z010	Cv:0298	NA	NA	NA	NA	NA	NA	NA	NA	NA	NA
P158	FALSE	Z001_Z002_Z003_Z004_Z004_Z003_Z003_Z006_Z011_Z008_Z008_Z011_Z011_Z008_Z008_Z012_Z015_Z009_Z010	L14v:0329	NA	NA	NA	NA	NA	NA	NA	NA	NA	NA
P159	FALSE	Z001_Z002_Z003_Z004_Z004_Z003_Z003_Z006_Z011_Z008_Z008_Z012_Z008_Z009_Z010	Cv:0202	NA	NA	NA	NA	NA	NA	NA	NA	NA	NA
P160	FALSE	Z001_Z002_Z003_Z004_Z004_Z003_Z003_Z006_Z011_Z008_Z009	L15v:0143	NA	NA	NA	NA	NA	NA	NA	NA	NA	NA
P161	FALSE	Z001_Z002_Z003_Z004_Z004_Z003_Z003_Z006_Z011_Z008_Z009_Z010	Cv:0209	NA	NA	NA	NA	NA	NA	NA	NA	NA	NA
P162	FALSE	Z001_Z002_Z003_Z004_Z004_Z003_Z003_Z006_Z011_Z008_Z011_Z008_Z012_Z015_Z009_Z010	L14v:0296	NA	NA	NA	NA	NA	NA	NA	NA	NA	NA
P163	FALSE	Z001_Z002_Z003_Z004_Z004_Z003_Z003_Z006_Z011_Z008_Z011_Z011_Z007_Z012_Z015_Z009_Z010	Rv:0345	NA	NA	NA	NA	NA	NA	NA	NA	NA	NA
P164	FALSE	Z001_Z002_Z003_Z004_Z004_Z003_Z003_Z006_Z011_Z008_Z011_Z011_Z008_Z011_Z008_Z012_Z008_Z009_Z010	Cv:0409	NA	NA	NA	NA	NA	NA	NA	NA	NA	NA
P165	FALSE	Z001_Z002_Z003_Z004_Z004_Z003_Z003_Z006_Z011_Z008_Z012_Z032_Z009_Z010_Z010	L14v:0377	NA	NA	NA	NA	NA	NA	NA	NA	NA	NA
P166	FALSE	Z001_Z002_Z003_Z004_Z004_Z003_Z003_Z006_Z011_Z008_Z012_Z005_Z005_Z015_Z009_Z010	L14v:0365	NA	NA	NA	NA	NA	NA	NA	NA	NA	NA
P167	FALSE	Z001_Z002_Z003_Z004_Z004_Z003_Z003_Z006_Z011_Z008_Z012_Z006_Z011_Z008_Z009_Z010	Cv:0408	NA	NA	NA	NA	NA	NA	NA	NA	NA	NA
P168	FALSE	Z001_Z002_Z003_Z004_Z004_Z003_Z003_Z006_Z011_Z008_Z012_Z006_Z011_Z008_Z012_Z008_Z009_Z010	Cv:0235	NA	NA	NA	NA	NA	NA	NA	NA	NA	NA
P169	FALSE	Z001_Z002_Z003_Z004_Z004_Z003_Z003_Z006_Z011_Z008_Z012_Z006_Z012_Z006_Z008_Z009	L15v:0175	NA	NA	NA	NA	NA	NA	NA	NA	NA	NA
P170	FALSE	Z001_Z002_Z003_Z004_Z004_Z003_Z003_Z006_Z011_Z008_Z012_Z008_Z003_Z003_Z009_Z010	Cv:0261	NA	NA	NA	NA	NA	NA	NA	NA	NA	NA
P171	FALSE	Z001_Z002_Z003_Z004_Z004_Z003_Z003_Z006_Z011_Z008_Z012_Z008_Z003_Z006_Z011_Z008_Z011_Z008_Z012_Z008_Z009_Z010	Cv:0417	NA	NA	NA	NA	NA	NA	NA	NA	NA	NA
P172	FALSE	Z001_Z002_Z003_Z004_Z004_Z003_Z003_Z006_Z011_Z008_Z012_Z008_Z003_Z006_Z011_Z008_Z012_Z008_Z009	L15v:0185	NA	NA	NA	NA	NA	NA	NA	NA	NA	NA
P173	FALSE	Z001_Z002_Z003_Z004_Z004_Z003_Z003_Z006_Z011_Z008_Z012_Z008_Z003_Z006_Z011_Z015_Z009_Z010	L14v:0378	NA	NA	NA	NA	NA	NA	NA	NA	NA	NA
P174	FALSE	Z001_Z002_Z003_Z004_Z004_Z003_Z003_Z006_Z011_Z008_Z012_Z008_Z003_Z011_Z008_Z012_Z012_Z015_Z009_Z010	L14v:0335	NA	NA	NA	NA	NA	NA	NA	NA	NA	NA
P175	FALSE	Z001_Z002_Z003_Z004_Z004_Z003_Z003_Z006_Z011_Z008_Z012_Z008_Z006_Z007_Z008_Z006_Z009_Z010	Rv:0355	NA	NA	NA	NA	NA	NA	NA	NA	NA	NA
P176	FALSE	Z001_Z002_Z003_Z004_Z004_Z003_Z003_Z006_Z011_Z008_Z012_Z008_Z006_Z009_Z010	Rv:0405	NA	NA	NA	NA	NA	NA	NA	NA	NA	NA
P177	FALSE	Z001_Z002_Z003_Z004_Z004_Z003_Z003_Z006_Z011_Z008_Z012_Z008_Z006_Z011_Z008_Z012_Z008_Z012_Z015_Z009_Z010	L14v:0338	NA	NA	NA	NA	NA	NA	NA	NA	NA	NA
P178	FALSE	Z001_Z002_Z003_Z004_Z004_Z003_Z003_Z006_Z011_Z008_Z012_Z008_Z008_Z009_Z010	Cv:0208	NA	NA	NA	NA	NA	NA	NA	NA	NA	NA
P179	FALSE	Z001_Z002_Z003_Z004_Z004_Z003_Z003_Z006_Z011_Z008_Z012_Z008_Z008_Z012_Z008_Z009_Z010	Cv:0230	NA	NA	NA	NA	NA	NA	NA	NA	NA	NA
P180	FALSE	Z001_Z002_Z003_Z004_Z004_Z003_Z003_Z006_Z011_Z008_Z012_Z008_Z009_Z041_Z009_Z010	L14v:0301	NA	NA	NA	NA	NA	NA	NA	NA	NA	NA
P181	FALSE	Z001_Z002_Z003_Z004_Z004_Z003_Z003_Z006_Z011_Z008_Z012_Z008_Z009_Z025_Z006_Z011_Z008_Z012_Z008_Z009_Z010	Cv:0414	NA	NA	NA	NA	NA	NA	NA	NA	NA	NA
P182	FALSE	Z001_Z002_Z003_Z004_Z004_Z003_Z003_Z006_Z011_Z008_Z012_Z008_Z009_Z010_Z010	Cv:0211	NA	NA	NA	NA	NA	NA	NA	NA	NA	NA
P183	FALSE	Z001_Z002_Z003_Z004_Z004_Z003_Z003_Z006_Z011_Z008_Z012_Z008_Z009_Z045_Z010	Cv:0399	NA	NA	NA	NA	NA	NA	NA	NA	NA	NA
P184	FALSE	Z001_Z002_Z003_Z004_Z004_Z003_Z003_Z006_Z011_Z008_Z012_Z008_Z009_Z065_Z009_Z010	Cv:0288	NA	NA	NA	NA	NA	NA	NA	NA	NA	NA
P185	FALSE	Z001_Z002_Z003_Z004_Z004_Z003_Z003_Z006_Z011_Z008_Z012_Z008_Z011_Z008_Z012_Z008_Z011_Z008_Z012_Z008_Z009_Z010	L14v:0361	NA	NA	NA	NA	NA	NA	NA	NA	NA	NA
P186	FALSE	Z001_Z002_Z003_Z004_Z004_Z003_Z003_Z006_Z011_Z008_Z012_Z008_Z012_Z008_Z008_Z009_Z010	Cv:0309	NA	NA	NA	NA	NA	NA	NA	NA	NA	NA
P187	FALSE	Z001_Z002_Z003_Z004_Z004_Z003_Z003_Z006_Z011_Z008_Z012_Z008_Z012_Z008_Z009_Z010	Cv:0223	NA	NA	NA	NA	NA	NA	NA	NA	NA	NA
P188	FALSE	Z001_Z002_Z003_Z004_Z004_Z003_Z003_Z006_Z011_Z008_Z012_Z008_Z012_Z008_Z015_Z009_Z010	L14v:0312	NA	NA	NA	NA	NA	NA	NA	NA	NA	NA
P189	FALSE	Z001_Z002_Z003_Z004_Z004_Z003_Z003_Z006_Z011_Z008_Z012_Z008_Z012_Z009_Z010	Cv:0316	NA	NA	NA	NA	NA	NA	NA	NA	NA	NA
P190	FALSE	Z001_Z002_Z003_Z004_Z004_Z003_Z003_Z006_Z011_Z008_Z012_Z008_Z012_Z012_Z008_Z012_Z012_Z008_Z009_Z010	Cv:0241	NA	NA	NA	NA	NA	NA	NA	NA	NA	NA
P191	FALSE	Z001_Z002_Z003_Z004_Z004_Z003_Z003_Z006_Z011_Z008_Z012_Z008_Z012_Z015_Z009_Z010	L14v:0297	NA	NA	NA	NA	NA	NA	NA	NA	NA	NA
P192	FALSE	Z001_Z002_Z003_Z004_Z004_Z003_Z003_Z006_Z011_Z008_Z012_Z008_Z012_Z049_Z009_Z010	Cv:0410	NA	NA	NA	NA	NA	NA	NA	NA	NA	NA
P193	FALSE	Z001_Z002_Z003_Z004_Z004_Z003_Z003_Z006_Z011_Z008_Z012_Z008_Z012_Z058_Z010	Cv:0265	NA	NA	NA	NA	NA	NA	NA	NA	NA	NA
P194	FALSE	Z001_Z002_Z003_Z004_Z004_Z003_Z003_Z006_Z011_Z008_Z012_Z008_Z015_Z009_Z010	L14v:0325	NA	NA	NA	NA	NA	NA	NA	NA	NA	NA
P195	FALSE	Z001_Z002_Z003_Z004_Z004_Z003_Z003_Z006_Z011_Z008_Z012_Z008_Z017_Z006_Z010	Rv:0272	NA	NA	NA	NA	NA	NA	NA	NA	NA	NA
P196	FALSE	Z001_Z002_Z003_Z004_Z004_Z003_Z003_Z006_Z011_Z008_Z012_Z008_Z017_Z008_Z009_Z010	Cv:0225	NA	NA	NA	NA	NA	NA	NA	NA	NA	NA
P197	FALSE	Z001_Z002_Z003_Z004_Z004_Z003_Z003_Z006_Z011_Z008_Z012_Z008_Z017_Z011_Z008_Z012_Z008_Z009_Z010	Cv:0238	NA	NA	NA	NA	NA	NA	NA	NA	NA	NA
P198	FALSE	Z001_Z002_Z003_Z004_Z004_Z003_Z003_Z006_Z011_Z008_Z012_Z008_Z017_Z012_Z008_Z009_Z010	Cv:0231	NA	NA	NA	NA	NA	NA	NA	NA	NA	NA
P199	FALSE	Z001_Z002_Z003_Z004_Z004_Z003_Z003_Z006_Z011_Z008_Z012_Z008_Z017_Z017_Z008_Z009_Z010	Cv:0232	NA	NA	NA	NA	NA	NA	NA	NA	NA	NA
P200	FALSE	Z001_Z002_Z003_Z004_Z004_Z003_Z003_Z006_Z011_Z008_Z012_Z008_Z063_Z009	L15v:0138	NA	NA	NA	NA	NA	NA	NA	NA	NA	NA
P201	FALSE	Z001_Z002_Z003_Z004_Z004_Z003_Z003_Z006_Z011_Z008_Z012_Z008_Z065_Z009	Rv:0147	NA	NA	NA	NA	NA	NA	NA	NA	NA	NA
P202	FALSE	Z001_Z002_Z003_Z004_Z004_Z003_Z003_Z006_Z011_Z008_Z012_Z009	L15v:0169	NA	NA	NA	NA	NA	NA	NA	NA	NA	NA
P203	FALSE	Z001_Z002_Z003_Z004_Z004_Z003_Z003_Z006_Z011_Z008_Z012_Z009_Z010	Cv:0224	NA	NA	NA	NA	NA	NA	NA	NA	NA	NA
P204	FALSE	Z001_Z002_Z003_Z004_Z004_Z003_Z003_Z006_Z011_Z008_Z012_Z010	Uv:0292	NA	NA	NA	NA	NA	NA	NA	NA	NA	NA
P205	FALSE	Z001_Z002_Z003_Z004_Z004_Z003_Z003_Z006_Z011_Z008_Z012_Z011_Z008_Z005_Z008_Z009_Z010	Cv:0396	NA	NA	NA	NA	NA	NA	NA	NA	NA	NA
P206	FALSE	Z001_Z002_Z003_Z004_Z004_Z003_Z003_Z006_Z011_Z008_Z012_Z011_Z008_Z009_Z010	Cv:0314	NA	NA	NA	NA	NA	NA	NA	NA	NA	NA
P207	FALSE	Z001_Z002_Z003_Z004_Z004_Z003_Z003_Z006_Z011_Z008_Z012_Z011_Z008_Z012_Z008_Z009_Z010	Cv:0229	NA	NA	NA	NA	NA	NA	NA	NA	NA	NA
P208	FALSE	Z001_Z002_Z003_Z004_Z004_Z003_Z003_Z006_Z011_Z008_Z012_Z011_Z008_Z012_Z008_Z012_Z058_Z010	Cv:0406	NA	NA	NA	NA	NA	NA	NA	NA	NA	NA
P209	FALSE	Z001_Z002_Z003_Z004_Z004_Z003_Z003_Z006_Z011_Z008_Z012_Z011_Z008_Z012_Z015_Z009_Z010	L14v:0311	NA	NA	NA	NA	NA	NA	NA	NA	NA	NA
P210	FALSE	Z001_Z002_Z003_Z004_Z004_Z003_Z003_Z006_Z011_Z008_Z012_Z011_Z017_Z063_Z008_Z012_Z008_Z045_Z010	Cv:0269	NA	NA	NA	NA	NA	NA	NA	NA	NA	NA
P211	FALSE	Z001_Z002_Z003_Z004_Z004_Z003_Z003_Z006_Z011_Z008_Z012_Z012_Z005_Z003_Z006_Z011_Z015_Z009_Z010	L14v:0330	NA	NA	NA	NA	NA	NA	NA	NA	NA	NA
P212	FALSE	Z001_Z002_Z003_Z004_Z004_Z003_Z003_Z006_Z011_Z008_Z012_Z012_Z005_Z012_Z015_Z009_Z010	L14v:0313	NA	NA	NA	NA	NA	NA	NA	NA	NA	NA
P213	FALSE	Z001_Z002_Z003_Z004_Z004_Z003_Z003_Z006_Z011_Z008_Z012_Z012_Z008_Z009_Z010	Cv:0206	NA	NA	NA	NA	NA	NA	NA	NA	NA	NA
P214	FALSE	Z001_Z002_Z003_Z004_Z004_Z003_Z003_Z006_Z011_Z008_Z012_Z012_Z011_Z008_Z012_Z008_Z009_Z010	Cv:0407	NA	NA	NA	NA	NA	NA	NA	NA	NA	NA
P215	FALSE	Z001_Z002_Z003_Z004_Z004_Z003_Z003_Z006_Z011_Z008_Z012_Z012_Z011_Z008_Z012_Z012_Z008_Z009_Z010	Cv:0237	NA	NA	NA	NA	NA	NA	NA	NA	NA	NA
P216	FALSE	Z001_Z002_Z003_Z004_Z004_Z003_Z003_Z006_Z011_Z008_Z012_Z012_Z012_Z008_Z009_Z010	Cv:0285	NA	NA	NA	NA	NA	NA	NA	NA	NA	NA
P217	FALSE	Z001_Z002_Z003_Z004_Z004_Z003_Z003_Z006_Z011_Z008_Z012_Z012_Z015_Z009_Z010	L14v:0323	NA	NA	NA	NA	NA	NA	NA	NA	NA	NA
P218	FALSE	Z001_Z002_Z003_Z004_Z004_Z003_Z003_Z006_Z011_Z008_Z012_Z014_Z005_Z008_Z009	L15v:0162	NA	NA	NA	NA	NA	NA	NA	NA	NA	NA
P219	FALSE	Z001_Z002_Z003_Z004_Z004_Z003_Z003_Z006_Z011_Z008_Z012_Z015_Z008_Z024_Z009_Z010	L14v:0366	NA	NA	NA	NA	NA	NA	NA	NA	NA	NA
P220	FALSE	Z001_Z002_Z003_Z004_Z004_Z003_Z003_Z006_Z011_Z008_Z012_Z015_Z008_Z012_Z015_Z009_Z010	L14v:0341	NA	NA	NA	NA	NA	NA	NA	NA	NA	NA
P221	FALSE	Z001_Z002_Z003_Z004_Z004_Z003_Z003_Z006_Z011_Z008_Z012_Z015_Z009_Z009_Z009_Z010	L14v:0367	NA	NA	NA	NA	NA	NA	NA	NA	NA	NA
P222	FALSE	Z001_Z002_Z003_Z004_Z004_Z003_Z003_Z006_Z011_Z008_Z012_Z015_Z009_Z012_Z012_Z015_Z009_Z010	L14v:0326	NA	NA	NA	NA	NA	NA	NA	NA	NA	NA
P223	FALSE	Z001_Z002_Z003_Z004_Z004_Z003_Z003_Z006_Z011_Z008_Z012_Z015_Z012_Z008_Z012_Z008_Z009_Z010	Rv:0327	NA	NA	NA	NA	NA	NA	NA	NA	NA	NA
P224	FALSE	Z001_Z002_Z003_Z004_Z004_Z003_Z003_Z006_Z011_Z008_Z012_Z015_Z012_Z015_Z009_Z010	L14v:0299	NA	NA	NA	NA	NA	NA	NA	NA	NA	NA
P225	FALSE	Z001_Z002_Z003_Z004_Z004_Z003_Z003_Z006_Z011_Z008_Z012_Z015_Z017_Z008_Z012_Z015_Z009_Z010	L14v:0324	NA	NA	NA	NA	NA	NA	NA	NA	NA	NA
P226	FALSE	Z001_Z002_Z003_Z004_Z004_Z003_Z003_Z006_Z011_Z008_Z012_Z015_Z017_Z008_Z017_Z008_Z009_Z010	Rv:0382	NA	NA	NA	NA	NA	NA	NA	NA	NA	NA
P227	FALSE	Z001_Z002_Z003_Z004_Z004_Z003_Z003_Z006_Z011_Z008_Z012_Z015_Z017_Z009_Z010	L14v:0353	NA	NA	NA	NA	NA	NA	NA	NA	NA	NA
P228	FALSE	Z001_Z002_Z003_Z004_Z004_Z003_Z003_Z006_Z011_Z008_Z012_Z015_Z017_Z012_Z015_Z009_Z010	L14v:0315	NA	NA	NA	NA	NA	NA	NA	NA	NA	NA
P229	FALSE	Z001_Z002_Z003_Z004_Z004_Z003_Z003_Z006_Z011_Z008_Z012_Z015_Z017_Z015_Z009_Z010	L14v:0386	NA	NA	NA	NA	NA	NA	NA	NA	NA	NA
P230	FALSE	Z001_Z002_Z003_Z004_Z004_Z003_Z003_Z006_Z011_Z008_Z012_Z048_Z008_Z012_Z008_Z009_Z010	Cv:0398	NA	NA	NA	NA	NA	NA	NA	NA	NA	NA
P231	FALSE	Z001_Z002_Z003_Z004_Z004_Z003_Z003_Z006_Z011_Z008_Z012_Z048_Z049_Z009_Z010	Cv:0397	NA	NA	NA	NA	NA	NA	NA	NA	NA	NA
P232	FALSE	Z001_Z002_Z003_Z004_Z004_Z003_Z003_Z006_Z011_Z008_Z012_Z058	L15v:0170	NA	NA	NA	NA	NA	NA	NA	NA	NA	NA
P233	FALSE	Z001_Z002_Z003_Z004_Z004_Z003_Z003_Z006_Z011_Z008_Z012_Z058_Z010	Cv:0226	NA	NA	NA	NA	NA	NA	NA	NA	NA	NA
P234	FALSE	Z001_Z002_Z003_Z004_Z004_Z003_Z003_Z006_Z011_Z008_Z012_Z058_Z012_Z008_Z003_Z008_Z009_Z010	Cv:0404	NA	NA	NA	NA	NA	NA	NA	NA	NA	NA
P235	FALSE	Z001_Z002_Z003_Z004_Z004_Z003_Z003_Z006_Z011_Z008_Z012_Z058_Z017_Z009_Z010	L14v:0351	NA	NA	NA	NA	NA	NA	NA	NA	NA	NA
P236	FALSE	Z001_Z002_Z003_Z004_Z004_Z003_Z003_Z006_Z011_Z008_Z015_Z009_Z010	L14v:0308	NA	NA	NA	NA	NA	NA	NA	NA	NA	NA
P237	FALSE	Z001_Z002_Z003_Z004_Z004_Z003_Z003_Z006_Z011_Z008_Z059	L15v:0145	NA	NA	NA	NA	NA	NA	NA	NA	NA	NA
P238	FALSE	Z001_Z002_Z003_Z004_Z004_Z003_Z003_Z006_Z011_Z008_Z059_Z040	Uv:0289	NA	NA	NA	NA	NA	NA	NA	NA	NA	NA
P239	FALSE	Z001_Z002_Z003_Z004_Z004_Z003_Z003_Z006_Z011_Z009_Z010	Cv:0205	NA	NA	NA	NA	NA	NA	NA	NA	NA	NA
P240	FALSE	Z001_Z002_Z003_Z004_Z004_Z003_Z003_Z006_Z011_Z010	Cv:0201	NA	NA	NA	NA	NA	NA	NA	NA	NA	NA
P241	FALSE	Z001_Z002_Z003_Z004_Z004_Z003_Z003_Z006_Z011_Z011_Z003_Z006_Z011_Z008_Z012_Z015_Z009_Z010	L14v:0320	NA	NA	NA	NA	NA	NA	NA	NA	NA	NA
P242	FALSE	Z001_Z002_Z003_Z004_Z004_Z003_Z003_Z006_Z011_Z011_Z008_Z012_Z008_Z009_Z010	Cv:0200	NA	NA	NA	NA	NA	NA	NA	NA	NA	NA
P243	FALSE	Z001_Z002_Z003_Z004_Z004_Z003_Z003_Z006_Z011_Z011_Z008_Z012_Z015_Z009_Z010	L14v:0321	NA	NA	NA	NA	NA	NA	NA	NA	NA	NA
P244	FALSE	Z001_Z002_Z003_Z004_Z004_Z003_Z003_Z006_Z011_Z011_Z011_Z006_Z011_Z006_Z006_Z011_Z008_Z012_Z008_Z009_Z010	Cv:0336	NA	NA	NA	NA	NA	NA	NA	NA	NA	NA
P245	FALSE	Z001_Z002_Z003_Z004_Z004_Z003_Z003_Z006_Z011_Z012_Z003_Z018_Z012_Z003_Z006_Z011_Z008_Z012_Z015_Z009_Z010	L14v:0385	NA	NA	NA	NA	NA	NA	NA	NA	NA	NA
P246	FALSE	Z001_Z002_Z003_Z004_Z004_Z003_Z003_Z006_Z011_Z012_Z008_Z009	L15v:0165	NA	NA	NA	NA	NA	NA	NA	NA	NA	NA
P247	FALSE	Z001_Z002_Z003_Z004_Z004_Z003_Z003_Z006_Z011_Z012_Z008_Z009_Z010	Cv:0222	NA	NA	NA	NA	NA	NA	NA	NA	NA	NA
P248	FALSE	Z001_Z002_Z003_Z004_Z004_Z003_Z003_Z006_Z011_Z012_Z008_Z012_Z008_Z009_Z010	Cv:0262	NA	NA	NA	NA	NA	NA	NA	NA	NA	NA
P249	FALSE	Z001_Z002_Z003_Z004_Z004_Z003_Z003_Z006_Z011_Z012_Z015_Z009_Z010	L14v:0306	NA	NA	NA	NA	NA	NA	NA	NA	NA	NA
P250	FALSE	Z001_Z002_Z003_Z004_Z004_Z003_Z003_Z006_Z011_Z012_Z052_Z012_Z008_Z012_Z008_Z009	L15v:0174	NA	NA	NA	NA	NA	NA	NA	NA	NA	NA
P251	FALSE	Z001_Z002_Z003_Z004_Z004_Z003_Z003_Z006_Z011_Z015_Z009_Z010	L14v:0287	NA	NA	NA	NA	NA	NA	NA	NA	NA	NA
P252	FALSE	Z001_Z002_Z003_Z004_Z004_Z003_Z003_Z006_Z011_Z015_Z017_Z006_Z012_Z015_Z009_Z010	L14v:0294	NA	NA	NA	NA	NA	NA	NA	NA	NA	NA
P253	FALSE	Z001_Z002_Z003_Z004_Z004_Z003_Z003_Z006_Z011_Z048_Z012_Z011_Z048_Z012_Z008_Z012_Z015_Z009_Z010	L14v:0359	NA	NA	NA	NA	NA	NA	NA	NA	NA	NA
P254	FALSE	Z001_Z002_Z003_Z004_Z004_Z003_Z003_Z006_Z012_Z008_Z009	L15v:0141	NA	NA	NA	NA	NA	NA	NA	NA	NA	NA
P255	FALSE	Z001_Z002_Z003_Z004_Z004_Z003_Z003_Z006_Z012_Z008_Z009_Z010	Cv:0286	NA	NA	NA	NA	NA	NA	NA	NA	NA	NA
P256	FALSE	Z001_Z002_Z003_Z004_Z004_Z003_Z003_Z006_Z018_Z006_Z011_Z008_Z012_Z015_Z009_Z010	L14v:0291	NA	NA	NA	NA	NA	NA	NA	NA	NA	NA
P257	FALSE	Z001_Z002_Z003_Z004_Z004_Z003_Z003_Z006_Z048_Z008_Z006_Z011_Z008_Z012_Z008_Z009	L15v:0173	NA	NA	NA	NA	NA	NA	NA	NA	NA	NA
P258	FALSE	Z001_Z002_Z003_Z004_Z004_Z003_Z003_Z006_Z060_Z006_Z006_Z011_Z008_Z012_Z015_Z009_Z010	Rv:0343	NA	NA	NA	NA	NA	NA	NA	NA	NA	NA
P259	FALSE	Z001_Z002_Z003_Z004_Z004_Z003_Z003_Z007_Z006_Z011_Z008_Z012_Z008_Z009	Rv:0142	NA	NA	NA	NA	NA	NA	NA	NA	NA	NA
P260	FALSE	Z001_Z002_Z003_Z004_Z004_Z003_Z003_Z008_Z009_Z010	Cv:0280	NA	NA	NA	NA	NA	NA	NA	NA	NA	NA
P261	FALSE	Z001_Z002_Z003_Z004_Z004_Z003_Z003_Z011_Z008_Z012_Z008_Z009_Z010	Cv:0218	NA	NA	NA	NA	NA	NA	NA	NA	NA	NA
P262	FALSE	Z001_Z002_Z003_Z004_Z004_Z003_Z003_Z012_Z008_Z009_Z010	Cv:0282	NA	NA	NA	NA	NA	NA	NA	NA	NA	NA
P263	FALSE	Z001_Z002_Z003_Z004_Z004_Z003_Z003_Z018_Z004_Z018_Z003_Z006_Z011_Z008_Z012_Z008_Z009_Z010	Rv:0380	NA	NA	NA	NA	NA	NA	NA	NA	NA	NA
P264	FALSE	Z001_Z002_Z003_Z004_Z004_Z003_Z003_Z045_Z010	Cv:0193	NA	NA	NA	NA	NA	NA	NA	NA	NA	NA
P265	FALSE	Z001_Z002_Z003_Z004_Z004_Z003_Z003_Z049_Z008_Z006_Z066_Z006_Z011_Z008_Z012_Z008_Z009	L15v:0179	NA	NA	NA	NA	NA	NA	NA	NA	NA	NA
P266	FALSE	Z001_Z002_Z003_Z004_Z004_Z003_Z004_Z004_Z003_Z003_Z003_Z006_Z007_Z008_Z006_Z010	L12v:0097	NA	NA	NA	NA	NA	NA	NA	NA	NA	NA
P267	FALSE	Z001_Z002_Z003_Z004_Z004_Z003_Z004_Z004_Z003_Z003_Z006_Z011_Z008_Z012_Z008_Z009	L15v:0171	NA	NA	NA	NA	NA	NA	NA	NA	NA	NA
P268	FALSE	Z001_Z002_Z003_Z004_Z004_Z003_Z004_Z004_Z003_Z003_Z006_Z011_Z008_Z012_Z008_Z009_Z010	Cv:0307	NA	NA	NA	NA	NA	NA	NA	NA	NA	NA
P269	FALSE	Z001_Z002_Z003_Z004_Z004_Z003_Z004_Z004_Z003_Z003_Z006_Z011_Z008_Z012_Z015_Z009_Z010	L14v:0371	NA	NA	NA	NA	NA	NA	NA	NA	NA	NA
P270	FALSE	Z001_Z002_Z003_Z004_Z004_Z003_Z004_Z004_Z003_Z008_Z003_Z006_Z011_Z008_Z012_Z015_Z009_Z010	L14v:0318	NA	NA	NA	NA	NA	NA	NA	NA	NA	NA
P271	FALSE	Z001_Z002_Z003_Z004_Z004_Z003_Z004_Z004_Z004_Z003_Z004_Z004_Z005_Z003_Z006_Z007_Z008_Z006_Z009_Z010	Av:0052	NA	NA	NA	NA	NA	NA	NA	NA	NA	NA
P272	FALSE	Z001_Z002_Z003_Z004_Z004_Z003_Z004_Z004_Z005_Z003_Z006_Z007_Z008_Z006_Z009_Z010	Av:0042	NA	NA	NA	NA	NA	NA	NA	NA	NA	NA
P273	FALSE	Z001_Z002_Z003_Z004_Z004_Z003_Z004_Z004_Z005_Z005_Z004_Z004_Z003_Z004_Z004_Z005_Z003_Z006_Z007_Z008_Z006_Z009_Z010	Av:0530	NA	NA	NA	NA	NA	NA	NA	NA	NA	NA
P274	FALSE	Z001_Z002_Z003_Z004_Z004_Z003_Z004_Z004_Z014_Z003_Z006_Z007_Z008_Z006_Z009_Z010	Av:0168	NA	NA	NA	NA	NA	NA	NA	NA	NA	NA
P275	FALSE	Z001_Z002_Z003_Z004_Z004_Z003_Z004_Z005_Z003_Z006_Z007_Z008_Z006_Z009_Z010	Rv:0166	NA	NA	NA	NA	NA	NA	NA	NA	NA	NA
P276	FALSE	Z001_Z002_Z003_Z004_Z004_Z003_Z004_Z018_Z003_Z006_Z011_Z008_Z012_Z008_Z009_Z010	Cv:0281	NA	NA	NA	NA	NA	NA	NA	NA	NA	NA
P277	FALSE	Z001_Z002_Z003_Z004_Z004_Z003_Z005_Z003_Z006_Z007_Z008_Z006_Z009_Z010	Rv:0149	NA	NA	NA	NA	NA	NA	NA	NA	NA	NA
P278	FALSE	Z001_Z002_Z003_Z004_Z004_Z003_Z006_Z007_Z052_Z004_Z004_Z003_Z005_Z003_Z006_Z007_Z008_Z006_Z009_Z010	Rv:0098	NA	NA	NA	NA	NA	NA	NA	NA	NA	NA
P279	FALSE	Z001_Z002_Z003_Z004_Z004_Z003_Z006_Z011_Z008_Z012_Z008_Z009	L15v:0161	NA	NA	NA	NA	NA	NA	NA	NA	NA	NA
P280	FALSE	Z001_Z002_Z003_Z004_Z004_Z003_Z006_Z011_Z008_Z012_Z008_Z009_Z010	Cv:0216	NA	NA	NA	NA	NA	NA	NA	NA	NA	NA
P281	FALSE	Z001_Z002_Z003_Z004_Z004_Z003_Z006_Z011_Z008_Z012_Z015_Z009_Z010	L14v:0304	NA	NA	NA	NA	NA	NA	NA	NA	NA	NA
P282	FALSE	Z001_Z002_Z003_Z004_Z004_Z003_Z012_Z008_Z009_Z010	Cv:0199	NA	NA	NA	NA	NA	NA	NA	NA	NA	NA
P283	FALSE	Z001_Z002_Z003_Z004_Z004_Z003_Z018_Z003_Z006_Z011_Z008_Z012_Z008_Z009_Z010	L16v:0245	NA	NA	NA	NA	NA	NA	NA	NA	NA	NA
P284	FALSE	Z001_Z002_Z003_Z004_Z004_Z003_Z018_Z003_Z006_Z011_Z008_Z012_Z015_Z009_Z010	L14v:0370	NA	NA	NA	NA	NA	NA	NA	NA	NA	NA
P285	FALSE	Z001_Z002_Z003_Z004_Z004_Z003_Z043_Z003_Z003_Z006_Z011_Z008_Z012_Z008_Z009_Z010	Cv:0279	NA	NA	NA	NA	NA	NA	NA	NA	NA	NA
P286	FALSE	Z001_Z002_Z003_Z004_Z004_Z003_Z043_Z004_Z003_Z003_Z006_Z011_Z008_Z012_Z008_Z009	L15v:0172	NA	NA	NA	NA	NA	NA	NA	NA	NA	NA
P287	FALSE	Z001_Z002_Z003_Z004_Z004_Z003_Z043_Z005_Z003_Z006_Z007_Z008_Z006_Z009_Z010	Rv:0093	NA	NA	NA	NA	NA	NA	NA	NA	NA	NA
P288	FALSE	Z001_Z002_Z003_Z004_Z004_Z003_Z043_Z018_Z004_Z004_Z005_Z003_Z006_Z007_Z008_Z006_Z009_Z010	Av:0088	NA	NA	NA	NA	NA	NA	NA	NA	NA	NA
P289	FALSE	Z001_Z002_Z003_Z004_Z004_Z003_Z051_Z003_Z003_Z006_Z011_Z008_Z012_Z008_Z009_Z010	Cv:0221	NA	NA	NA	NA	NA	NA	NA	NA	NA	NA
P290	FALSE	Z001_Z002_Z003_Z004_Z004_Z003_Z051_Z003_Z006_Z011_Z008_Z012_Z015_Z009_Z010	L14v:0372	NA	NA	NA	NA	NA	NA	NA	NA	NA	NA
P291	FALSE	Z001_Z002_Z003_Z004_Z004_Z004_Z003_Z003_Z006_Z007_Z008_Z006_Z009_Z010	Rv:0140	NA	NA	NA	NA	NA	NA	NA	NA	NA	NA
P292	FALSE	Z001_Z002_Z003_Z004_Z004_Z004_Z003_Z003_Z006_Z011_Z008_Z012_Z008_Z009	L15v:0134	NA	NA	NA	NA	NA	NA	NA	NA	NA	NA
P293	FALSE	Z001_Z002_Z003_Z004_Z004_Z004_Z003_Z003_Z006_Z011_Z008_Z012_Z008_Z009_Z010	Cv:0192	NA	NA	NA	NA	NA	NA	NA	NA	NA	NA
P294	FALSE	Z001_Z002_Z003_Z004_Z004_Z004_Z003_Z003_Z006_Z011_Z008_Z012_Z015_Z009_Z010	L14v:0346	NA	NA	NA	NA	NA	NA	NA	NA	NA	NA
P295	FALSE	Z001_Z002_Z003_Z004_Z004_Z004_Z003_Z004_Z004_Z005_Z003_Z006_Z007_Z008_Z006_Z009_Z010	Av:0252	NA	NA	NA	NA	NA	NA	NA	NA	NA	NA
P296	FALSE	Z001_Z002_Z003_Z004_Z004_Z004_Z004_Z003_Z003_Z006_Z011_Z008_Z012_Z008_Z009_Z010	Cv:0217	NA	NA	NA	NA	NA	NA	NA	NA	NA	NA
P297	FALSE	Z001_Z002_Z003_Z004_Z004_Z004_Z004_Z003_Z004_Z004_Z003_Z003_Z006_Z011_Z008_Z012_Z015_Z009_Z010	L14v:0384	NA	NA	NA	NA	NA	NA	NA	NA	NA	NA
P298	FALSE	Z001_Z002_Z003_Z004_Z004_Z004_Z004_Z004_Z003_Z003_Z006_Z011_Z008_Z012_Z008_Z009_Z010	Cv:0227	NA	NA	NA	NA	NA	NA	NA	NA	NA	NA
P299	FALSE	Z001_Z002_Z003_Z004_Z004_Z004_Z004_Z005_Z003_Z006_Z007_Z008_Z006_Z009_Z010	Av:0039	NA	NA	NA	NA	NA	NA	NA	NA	NA	NA
P300	FALSE	Z001_Z002_Z003_Z004_Z004_Z004_Z005_Z003_Z006_Z011_Z007_Z008_Z006_Z009_Z010	Dv:0430	NA	NA	NA	NA	NA	NA	NA	NA	NA	NA
P301	FALSE	Z001_Z002_Z003_Z004_Z004_Z004_Z006_Z011_Z008_Z012_Z008_Z009_Z010	Cv:0214	NA	NA	NA	NA	NA	NA	NA	NA	NA	NA
P302	FALSE	Z001_Z002_Z003_Z004_Z004_Z004_Z018_Z003_Z003_Z006_Z011_Z008_Z012_Z008_Z009_Z010	Cv:0219	NA	NA	NA	NA	NA	NA	NA	NA	NA	NA
P303	FALSE	Z001_Z002_Z003_Z004_Z004_Z004_Z018_Z003_Z043_Z004_Z018_Z003_Z006_Z011_Z008_Z012_Z008_Z009_Z010	Cv:0236	NA	NA	NA	NA	NA	NA	NA	NA	NA	NA
P304	FALSE	Z001_Z002_Z003_Z004_Z004_Z004_Z018_Z004_Z004_Z003_Z003_Z006_Z011_Z008_Z012_Z008_Z009_Z010	Cv:0233	NA	NA	NA	NA	NA	NA	NA	NA	NA	NA
P305	FALSE	Z001_Z002_Z003_Z004_Z004_Z004_Z022_Z018_Z004_Z004_Z022_Z003_Z006_Z007_Z008_Z006_Z009_Z010	L27v:0070	NA	NA	NA	NA	NA	NA	NA	NA	NA	NA
P306	FALSE	Z001_Z002_Z003_Z004_Z004_Z004_Z051_Z004_Z004_Z005_Z003_Z006_Z011_Z007_Z008_Z006_Z009_Z010	Dv:0431	NA	NA	NA	NA	NA	NA	NA	NA	NA	NA
P307	FALSE	Z001_Z002_Z003_Z004_Z004_Z004_Z051_Z051_Z051_Z004_Z004_Z003_Z003_Z006_Z011_Z008_Z012_Z015_Z009_Z010	L14v:0332	NA	NA	NA	NA	NA	NA	NA	NA	NA	NA
P308	FALSE	Z001_Z002_Z003_Z004_Z004_Z005_Z003_Z030_Z004_Z004_Z005_Z003_Z006_Z011_Z007_Z008_Z006_Z009_Z010	Dv:0511	NA	NA	NA	NA	NA	NA	NA	NA	NA	NA
P309	FALSE	Z001_Z002_Z003_Z004_Z004_Z005_Z003_Z003_Z003_Z006_Z007_Z008_Z006_Z009_Z010	Av:0156	NA	NA	NA	NA	NA	NA	NA	NA	NA	NA
P310	FALSE	Z001_Z002_Z003_Z004_Z004_Z005_Z003_Z003_Z004_Z005_Z003_Z003_Z006_Z020_Z016_Z006_Z017_Z010	L24v:0118	NA	NA	NA	NA	NA	NA	NA	NA	NA	NA
P311	FALSE	Z001_Z002_Z003_Z004_Z004_Z005_Z003_Z003_Z004_Z005_Z003_Z006_Z007_Z008_Z006_Z009_Z010	Av:0082	NA	NA	NA	NA	NA	NA	NA	NA	NA	NA
P312	FALSE	Z001_Z002_Z003_Z004_Z004_Z005_Z003_Z003_Z006_Z007_Z008_Z006_Z009_Z010	Av:0031	NA	NA	NA	NA	NA	NA	NA	NA	NA	NA
P313	FALSE	Z001_Z002_Z003_Z004_Z004_Z005_Z003_Z003_Z006_Z011_Z007_Z008_Z006_Z009_Z010	Dv:0432	NA	NA	NA	NA	NA	NA	NA	NA	NA	NA
P314	FALSE	Z001_Z002_Z003_Z004_Z004_Z005_Z003_Z003_Z006_Z011_Z008_Z012_Z008_Z009	Rv:0148	NA	NA	NA	NA	NA	NA	NA	NA	NA	NA
P315	FALSE	Z001_Z002_Z003_Z004_Z004_Z005_Z003_Z004_Z004_Z005_Z003_Z006_Z007_Z008_Z006_Z009_Z010	Av:0046	NA	NA	NA	NA	NA	NA	NA	NA	NA	NA
P316	FALSE	Z001_Z002_Z003_Z004_Z004_Z005_Z003_Z004_Z004_Z005_Z003_Z006_Z011_Z007_Z008_Z006_Z009_Z010	Dv:0433	NA	NA	NA	NA	NA	NA	NA	NA	NA	NA
P317	FALSE	Z001_Z002_Z003_Z004_Z004_Z005_Z003_Z004_Z004_Z005_Z003_Z006_Z020_Z016_Z006_Z017_Z010	L24v:0113	NA	NA	NA	NA	NA	NA	NA	NA	NA	NA
P318	FALSE	Z001_Z002_Z003_Z004_Z004_Z005_Z003_Z004_Z048_Z011_Z007_Z008_Z006_Z009_Z010	Dv:0434	NA	NA	NA	NA	NA	NA	NA	NA	NA	NA
P319	FALSE	Z001_Z002_Z003_Z004_Z004_Z005_Z003_Z005_Z003_Z003_Z006_Z011_Z008_Z012_Z008_Z009_Z010	Rv:0258	NA	NA	NA	NA	NA	NA	NA	NA	NA	NA
P320	FALSE	Z001_Z002_Z003_Z004_Z004_Z005_Z003_Z005_Z003_Z006_Z007_Z008_Z006_Z009_Z010	Av:0069	NA	NA	NA	NA	NA	NA	NA	NA	NA	NA
P321	FALSE	Z001_Z002_Z003_Z004_Z004_Z005_Z003_Z006_Z003_Z006_Z007_Z011_Z006_Z017_Z010	L20v:0058	NA	NA	NA	NA	NA	NA	NA	NA	NA	NA
P322	FALSE	Z001_Z002_Z003_Z004_Z004_Z005_Z003_Z006_Z003_Z006_Z011_Z007_Z008_Z006_Z009_Z010	Dv:0468	NA	NA	NA	NA	NA	NA	NA	NA	NA	NA
P323	FALSE	Z001_Z002_Z003_Z004_Z004_Z005_Z003_Z006_Z004_Z003_Z006_Z011_Z007_Z008_Z006_Z009_Z010	Dv:0491	NA	NA	NA	NA	NA	NA	NA	NA	NA	NA
P324	FALSE	Z001_Z002_Z003_Z004_Z004_Z005_Z003_Z006_Z004_Z004_Z004_Z005_Z003_Z006_Z007_Z008_Z006_Z009_Z010	Av:0049	NA	NA	NA	NA	NA	NA	NA	NA	NA	NA
P325	FALSE	Z001_Z002_Z003_Z004_Z004_Z005_Z003_Z006_Z004_Z005_Z003_Z006_Z007_Z008_Z006_Z009_Z010	Av:0483	NA	NA	NA	NA	NA	NA	NA	NA	NA	NA
P326	FALSE	Z001_Z002_Z003_Z004_Z004_Z005_Z003_Z006_Z005_Z005_Z003_Z006_Z007_Z008_Z006_Z009_Z010	Av:0419	NA	NA	NA	NA	NA	NA	NA	NA	NA	NA
P327	FALSE	Z001_Z002_Z003_Z004_Z004_Z005_Z003_Z006_Z006_Z007_Z008_Z006_Z009_Z010	Av:0033	NA	NA	NA	NA	NA	NA	NA	NA	NA	NA
P328	FALSE	Z001_Z002_Z003_Z004_Z004_Z005_Z003_Z006_Z006_Z009_Z010	Av:0015	NA	NA	NA	NA	NA	NA	NA	NA	NA	NA
P329	FALSE	Z001_Z002_Z003_Z004_Z004_Z005_Z003_Z006_Z006_Z011_Z007_Z008_Z006_Z009_Z010	Dv:0436	NA	NA	NA	NA	NA	NA	NA	NA	NA	NA
P330	FALSE	Z001_Z002_Z003_Z004_Z004_Z005_Z003_Z006_Z007_Z003_Z004_Z004_Z004_Z005_Z003_Z006_Z011_Z007_Z008_Z006_Z009_Z010	Rv:0473	NA	NA	NA	NA	NA	NA	NA	NA	NA	NA
P331	FALSE	Z001_Z002_Z003_Z004_Z004_Z005_Z003_Z006_Z007_Z003_Z006_Z007_Z008_Z006_Z009_Z010	Av:0360	NA	NA	NA	NA	NA	NA	NA	NA	NA	NA
P332	FALSE	Z001_Z002_Z003_Z004_Z004_Z005_Z003_Z006_Z007_Z003_Z006_Z008_Z006_Z009_Z010	Av:0342	NA	NA	NA	NA	NA	NA	NA	NA	NA	NA
P333	FALSE	Z001_Z002_Z003_Z004_Z004_Z005_Z003_Z006_Z007_Z004_Z004_Z005_Z003_Z006_Z011_Z007_Z008_Z006_Z009_Z010	Rv:0457	NA	NA	NA	NA	NA	NA	NA	NA	NA	NA
P334	FALSE	Z001_Z002_Z003_Z004_Z004_Z005_Z003_Z006_Z007_Z005_Z003_Z006_Z007_Z006_Z007_Z011_Z006_Z017_Z010	L20v:0066	NA	NA	NA	NA	NA	NA	NA	NA	NA	NA
P335	FALSE	Z001_Z002_Z003_Z004_Z004_Z005_Z003_Z006_Z007_Z006_Z007_Z006_Z011_Z007_Z008_Z006_Z009_Z010	Dv:0500	NA	NA	NA	NA	NA	NA	NA	NA	NA	NA
P336	FALSE	Z001_Z002_Z003_Z004_Z004_Z005_Z003_Z006_Z007_Z006_Z007_Z008_Z006_Z009_Z010	Av:0340	NA	NA	NA	NA	NA	NA	NA	NA	NA	NA
P337	FALSE	Z001_Z002_Z003_Z004_Z004_Z005_Z003_Z006_Z007_Z006_Z008_Z006_Z009_Z010	Av:0129	NA	NA	NA	NA	NA	NA	NA	NA	NA	NA
P338	FALSE	Z001_Z002_Z003_Z004_Z004_Z005_Z003_Z006_Z007_Z006_Z009_Z010	Av:0013	NA	NA	NA	NA	NA	NA	NA	NA	NA	NA
P339	FALSE	Z001_Z002_Z003_Z004_Z004_Z005_Z003_Z006_Z007_Z007_Z005_Z003_Z006_Z007_Z008_Z006_Z009_Z010	Av:0496	NA	NA	NA	NA	NA	NA	NA	NA	NA	NA
P340	FALSE	Z001_Z002_Z003_Z004_Z004_Z005_Z003_Z006_Z007_Z007_Z007_Z007_Z007_Z008_Z006_Z009_Z007_Z007_Z007_Z007_Z007_Z008_Z006_Z009_Z010	Av:0540	NA	NA	NA	NA	NA	NA	NA	NA	NA	NA
P341	FALSE	Z001_Z002_Z003_Z004_Z004_Z005_Z003_Z006_Z007_Z007_Z007_Z008_Z006_Z009_Z010	Av:0041	NA	NA	NA	NA	NA	NA	NA	NA	NA	NA
P342	FALSE	Z001_Z002_Z003_Z004_Z004_Z005_Z003_Z006_Z007_Z007_Z007_Z017_Z003_Z006_Z011_Z007_Z008_Z006_Z009_Z010	Rv:0459	NA	NA	NA	NA	NA	NA	NA	NA	NA	NA
P343	FALSE	Z001_Z002_Z003_Z004_Z004_Z005_Z003_Z006_Z007_Z007_Z008_Z006_Z009_Z010	Av:0127	NA	NA	NA	NA	NA	NA	NA	NA	NA	NA
P344	FALSE	Z001_Z002_Z003_Z004_Z004_Z005_Z003_Z006_Z007_Z008_Z034_Z004_Z004_Z005_Z003_Z006_Z011_Z007_Z008_Z006_Z009_Z010	Rv:0474	NA	NA	NA	NA	NA	NA	NA	NA	NA	NA
P345	FALSE	Z001_Z002_Z003_Z004_Z004_Z005_Z003_Z006_Z007_Z008_Z004_Z004_Z005_Z003_Z006_Z008_Z004_Z004_Z005_Z003_Z006_Z009_Z010	Av:0532	NA	NA	NA	NA	NA	NA	NA	NA	NA	NA
P346	FALSE	Z001_Z002_Z003_Z004_Z004_Z005_Z003_Z006_Z007_Z008_Z004_Z005_Z003_Z006_Z004_Z005_Z003_Z006_Z007_Z008_Z006_Z009_Z010	Av:0476	NA	NA	NA	NA	NA	NA	NA	NA	NA	NA
P347	FALSE	Z001_Z002_Z003_Z004_Z004_Z005_Z003_Z006_Z007_Z008_Z006_Z026_Z017_Z017_Z015_Z009_Z010	Rv:0349	NA	NA	NA	NA	NA	NA	NA	NA	NA	NA
P348	FALSE	Z001_Z002_Z003_Z004_Z004_Z005_Z003_Z006_Z007_Z008_Z006_Z003_Z006_Z007_Z008_Z006_Z006_Z009_Z010	Av:0507	NA	NA	NA	NA	NA	NA	NA	NA	NA	NA
P349	FALSE	Z001_Z002_Z003_Z004_Z004_Z005_Z003_Z006_Z007_Z008_Z006_Z006_Z009_Z010	Av:0018	NA	NA	NA	NA	NA	NA	NA	NA	NA	NA
P350	FALSE	Z001_Z002_Z003_Z004_Z004_Z005_Z003_Z006_Z007_Z008_Z006_Z007_Z008_Z006_Z009_Z010	Av:0044	NA	NA	NA	NA	NA	NA	NA	NA	NA	NA
P351	FALSE	Z001_Z002_Z003_Z004_Z004_Z005_Z003_Z006_Z007_Z008_Z006_Z007_Z011_Z006_Z009_Z010	Av:0095	NA	NA	NA	NA	NA	NA	NA	NA	NA	NA
P352	FALSE	Z001_Z002_Z003_Z004_Z004_Z005_Z003_Z006_Z007_Z008_Z006_Z007_Z011_Z006_Z017_Z010	Rv:0061	NA	NA	NA	NA	NA	NA	NA	NA	NA	NA
P353	FALSE	Z001_Z002_Z003_Z004_Z004_Z005_Z003_Z006_Z007_Z008_Z006_Z008_Z006_Z007_Z006_Z009_Z010	Av:0487	NA	NA	NA	NA	NA	NA	NA	NA	NA	NA
P354	FALSE	Z001_Z002_Z003_Z004_Z004_Z005_Z003_Z006_Z007_Z008_Z006_Z008_Z006_Z009_Z010	Av:0426	NA	NA	NA	NA	NA	NA	NA	NA	NA	NA
P355	FALSE	Z001_Z002_Z003_Z004_Z004_Z005_Z003_Z006_Z007_Z008_Z006_Z008_Z045_Z010	Av:0035	NA	NA	NA	NA	NA	NA	NA	NA	NA	NA
P356	FALSE	Z001_Z002_Z003_Z004_Z004_Z005_Z003_Z006_Z007_Z008_Z006_Z008_Z052_Z009_Z010	Av:0083	NA	NA	NA	NA	NA	NA	NA	NA	NA	NA
P357	FALSE	Z001_Z002_Z003_Z004_Z004_Z005_Z003_Z006_Z007_Z008_Z006_Z009_Z008_Z006_Z008_Z006_Z009_Z010	Av:0048	NA	NA	NA	NA	NA	NA	NA	NA	NA	NA
P358	FALSE	Z001_Z002_Z003_Z004_Z004_Z005_Z003_Z006_Z007_Z008_Z006_Z009_Z008_Z006_Z009_Z008_Z006_Z009_Z010	Av:0051	NA	NA	NA	NA	NA	NA	NA	NA	NA	NA
P359	FALSE	Z001_Z002_Z003_Z004_Z004_Z005_Z003_Z006_Z007_Z008_Z006_Z009_Z010_Z010	Av:0036	NA	NA	NA	NA	NA	NA	NA	NA	NA	NA
P360	FALSE	Z001_Z002_Z003_Z004_Z004_Z005_Z003_Z006_Z007_Z008_Z006_Z009_Z010_Z048_Z007_Z008_Z009_Z010	Av:0499	NA	NA	NA	NA	NA	NA	NA	NA	NA	NA
P361	FALSE	Z001_Z002_Z003_Z004_Z004_Z005_Z003_Z006_Z007_Z008_Z006_Z009_Z017_Z006_Z007_Z008_Z006_Z009_Z010	Av:0509	NA	NA	NA	NA	NA	NA	NA	NA	NA	NA
P362	FALSE	Z001_Z002_Z003_Z004_Z004_Z005_Z003_Z006_Z007_Z008_Z006_Z009_Z017_Z009_Z010	Av:0428	NA	NA	NA	NA	NA	NA	NA	NA	NA	NA
P363	FALSE	Z001_Z002_Z003_Z004_Z004_Z005_Z003_Z006_Z007_Z008_Z006_Z009_Z045_Z010	Av:0037	NA	NA	NA	NA	NA	NA	NA	NA	NA	NA
P364	FALSE	Z001_Z002_Z003_Z004_Z004_Z005_Z003_Z006_Z007_Z008_Z006_Z009_Z064_Z010	Rv:0146	NA	NA	NA	NA	NA	NA	NA	NA	NA	NA
P365	FALSE	Z001_Z002_Z003_Z004_Z004_Z005_Z003_Z006_Z007_Z008_Z006_Z009_Z065_Z008_Z006_Z009_Z010	Av:0254	NA	NA	NA	NA	NA	NA	NA	NA	NA	NA
P366	FALSE	Z001_Z002_Z003_Z004_Z004_Z005_Z003_Z006_Z007_Z008_Z006_Z010	Av:0016	NA	NA	NA	NA	NA	NA	NA	NA	NA	NA
P367	FALSE	Z001_Z002_Z003_Z004_Z004_Z005_Z003_Z006_Z007_Z008_Z006_Z011_Z006_Z009_Z010	Rv:0064	NA	NA	NA	NA	NA	NA	NA	NA	NA	NA
P368	FALSE	Z001_Z002_Z003_Z004_Z004_Z005_Z003_Z006_Z007_Z008_Z006_Z015_Z011_Z012_Z015_Z009_Z010	Rv:0347	NA	NA	NA	NA	NA	NA	NA	NA	NA	NA
P369	FALSE	Z001_Z002_Z003_Z004_Z004_Z005_Z003_Z006_Z007_Z008_Z006_Z017_Z006_Z003_Z011_Z007_Z008_Z006_Z009_Z010	Rv:0461	NA	NA	NA	NA	NA	NA	NA	NA	NA	NA
P370	FALSE	Z001_Z002_Z003_Z004_Z004_Z005_Z003_Z006_Z007_Z008_Z006_Z017_Z006_Z006_Z007_Z008_Z006_Z009_Z010	Av:0443	NA	NA	NA	NA	NA	NA	NA	NA	NA	NA
P371	FALSE	Z001_Z002_Z003_Z004_Z004_Z005_Z003_Z006_Z007_Z008_Z006_Z017_Z006_Z009_Z010	Av:0054	NA	NA	NA	NA	NA	NA	NA	NA	NA	NA
P372	FALSE	Z001_Z002_Z003_Z004_Z004_Z005_Z003_Z006_Z007_Z008_Z006_Z017_Z006_Z017_Z009_Z010	Av:0466	NA	NA	NA	NA	NA	NA	NA	NA	NA	NA
P373	FALSE	Z001_Z002_Z003_Z004_Z004_Z005_Z003_Z006_Z007_Z008_Z006_Z017_Z007_Z008_Z006_Z009_Z010	Av:0109	NA	NA	NA	NA	NA	NA	NA	NA	NA	NA
P374	FALSE	Z001_Z002_Z003_Z004_Z004_Z005_Z003_Z006_Z007_Z008_Z006_Z017_Z007_Z008_Z006_Z017_Z006_Z009_Z010	Av:0050	NA	NA	NA	NA	NA	NA	NA	NA	NA	NA
P375	FALSE	Z001_Z002_Z003_Z004_Z004_Z005_Z003_Z006_Z007_Z008_Z006_Z017_Z008_Z006_Z009_Z010	Av:0102	NA	NA	NA	NA	NA	NA	NA	NA	NA	NA
P376	FALSE	Z001_Z002_Z003_Z004_Z004_Z005_Z003_Z006_Z007_Z008_Z006_Z017_Z008_Z009_Z010	Rv:0257	NA	NA	NA	NA	NA	NA	NA	NA	NA	NA
P377	FALSE	Z001_Z002_Z003_Z004_Z004_Z005_Z003_Z006_Z007_Z008_Z006_Z017_Z008_Z012_Z015_Z009_Z010	Rv:0350	NA	NA	NA	NA	NA	NA	NA	NA	NA	NA
P378	FALSE	Z001_Z002_Z003_Z004_Z004_Z005_Z003_Z006_Z007_Z008_Z006_Z017_Z009_Z010	Av:0034	NA	NA	NA	NA	NA	NA	NA	NA	NA	NA
P379	FALSE	Z001_Z002_Z003_Z004_Z004_Z005_Z003_Z006_Z007_Z008_Z006_Z017_Z017_Z008_Z006_Z027_Z009_Z010	Av:0498	NA	NA	NA	NA	NA	NA	NA	NA	NA	NA
P380	FALSE	Z001_Z002_Z003_Z004_Z004_Z005_Z003_Z006_Z007_Z008_Z006_Z017_Z017_Z009_Z010	Av:0243	NA	NA	NA	NA	NA	NA	NA	NA	NA	NA
P381	FALSE	Z001_Z002_Z003_Z004_Z004_Z005_Z003_Z006_Z007_Z008_Z006_Z017_Z063_Z009_Z010	Av:0506	NA	NA	NA	NA	NA	NA	NA	NA	NA	NA
P382	FALSE	Z001_Z002_Z003_Z004_Z004_Z005_Z003_Z006_Z007_Z008_Z006_Z045_Z004_Z003_Z006_Z004_Z005_Z003_Z006_Z007_Z008_Z006_Z009_Z010	Av:0538	NA	NA	NA	NA	NA	NA	NA	NA	NA	NA
P383	FALSE	Z001_Z002_Z003_Z004_Z004_Z005_Z003_Z006_Z007_Z008_Z007_Z008_Z006_Z009_Z010	Av:0103	NA	NA	NA	NA	NA	NA	NA	NA	NA	NA
P384	FALSE	Z001_Z002_Z003_Z004_Z004_Z005_Z003_Z006_Z007_Z008_Z007_Z008_Z007_Z007_Z011_Z007_Z008_Z006_Z009_Z010	Rv:0519	NA	NA	NA	NA	NA	NA	NA	NA	NA	NA
P385	FALSE	Z001_Z002_Z003_Z004_Z004_Z005_Z003_Z006_Z007_Z008_Z007_Z011_Z007_Z008_Z006_Z009_Z010	Rv:0429	NA	NA	NA	NA	NA	NA	NA	NA	NA	NA
P386	FALSE	Z001_Z002_Z003_Z004_Z004_Z005_Z003_Z006_Z007_Z008_Z008_Z006_Z017_Z008_Z006_Z009_Z010	Av:0485	NA	NA	NA	NA	NA	NA	NA	NA	NA	NA
P387	FALSE	Z001_Z002_Z003_Z004_Z004_Z005_Z003_Z006_Z007_Z008_Z008_Z007_Z008_Z007_Z008_Z008_Z006_Z009_Z010	Av:0505	NA	NA	NA	NA	NA	NA	NA	NA	NA	NA
P388	FALSE	Z001_Z002_Z003_Z004_Z004_Z005_Z003_Z006_Z007_Z008_Z008_Z012_Z006_Z009_Z010	Rv:0403	NA	NA	NA	NA	NA	NA	NA	NA	NA	NA
P389	FALSE	Z001_Z002_Z003_Z004_Z004_Z005_Z003_Z006_Z007_Z008_Z011_Z007_Z008_Z006_Z009_Z010	Rv:0542	NA	NA	NA	NA	NA	NA	NA	NA	NA	NA
P390	FALSE	Z001_Z002_Z003_Z004_Z004_Z005_Z003_Z006_Z007_Z008_Z043_Z004_Z005_Z003_Z006_Z011_Z007_Z008_Z006_Z009_Z010	Rv:0469	NA	NA	NA	NA	NA	NA	NA	NA	NA	NA
P391	FALSE	Z001_Z002_Z003_Z004_Z004_Z005_Z003_Z006_Z007_Z008_Z045	Av:0137	NA	NA	NA	NA	NA	NA	NA	NA	NA	NA
P392	FALSE	Z001_Z002_Z003_Z004_Z004_Z005_Z003_Z006_Z007_Z008_Z045_Z010	Av:0053	NA	NA	NA	NA	NA	NA	NA	NA	NA	NA
P393	FALSE	Z001_Z002_Z003_Z004_Z004_Z005_Z003_Z006_Z007_Z008_Z049_Z004_Z004_Z005_Z003_Z006_Z007_Z008_Z006_Z007_Z008_Z006_Z009_Z010	Av:0536	NA	NA	NA	NA	NA	NA	NA	NA	NA	NA
P394	FALSE	Z001_Z002_Z003_Z004_Z004_Z005_Z003_Z006_Z007_Z008_Z049_Z004_Z004_Z005_Z003_Z006_Z007_Z008_Z006_Z009_Z010	Av:0464	NA	NA	NA	NA	NA	NA	NA	NA	NA	NA
P395	FALSE	Z001_Z002_Z003_Z004_Z004_Z005_Z003_Z006_Z007_Z008_Z049_Z017_Z007_Z011_Z006_Z009_Z010	Rv:0063	NA	NA	NA	NA	NA	NA	NA	NA	NA	NA
P396	FALSE	Z001_Z002_Z003_Z004_Z004_Z005_Z003_Z006_Z007_Z008_Z052_Z034_Z011_Z007_Z008_Z006_Z009_Z010	Rv:0504	NA	NA	NA	NA	NA	NA	NA	NA	NA	NA
P397	FALSE	Z001_Z002_Z003_Z004_Z004_Z005_Z003_Z006_Z007_Z008_Z052_Z006_Z006_Z009_Z010	Av:0344	NA	NA	NA	NA	NA	NA	NA	NA	NA	NA
P398	FALSE	Z001_Z002_Z003_Z004_Z004_Z005_Z003_Z006_Z007_Z009_Z010	Av:0135	NA	NA	NA	NA	NA	NA	NA	NA	NA	NA
P399	FALSE	Z001_Z002_Z003_Z004_Z004_Z005_Z003_Z006_Z007_Z011_Z005_Z003_Z006_Z007_Z008_Z006_Z009_Z010	Rv:0503	NA	NA	NA	NA	NA	NA	NA	NA	NA	NA
P400	FALSE	Z001_Z002_Z003_Z004_Z004_Z005_Z003_Z006_Z007_Z011_Z006_Z006_Z006_Z017_Z010	L20v:0062	NA	NA	NA	NA	NA	NA	NA	NA	NA	NA
P401	FALSE	Z001_Z002_Z003_Z004_Z004_Z005_Z003_Z006_Z007_Z011_Z006_Z007_Z011_Z017_Z010	L20v:0060	NA	NA	NA	NA	NA	NA	NA	NA	NA	NA
P402	FALSE	Z001_Z002_Z003_Z004_Z004_Z005_Z003_Z006_Z007_Z011_Z006_Z011_Z007_Z008_Z006_Z009_Z010	Rv:0494	NA	NA	NA	NA	NA	NA	NA	NA	NA	NA
P403	FALSE	Z001_Z002_Z003_Z004_Z004_Z005_Z003_Z006_Z007_Z011_Z006_Z017_Z011_Z006_Z017_Z010	L20v:0059	NA	NA	NA	NA	NA	NA	NA	NA	NA	NA
P404	FALSE	Z001_Z002_Z003_Z004_Z004_Z005_Z003_Z006_Z007_Z011_Z007_Z008_Z006_Z009_Z010	Rv:0458	NA	NA	NA	NA	NA	NA	NA	NA	NA	NA
P405	FALSE	Z001_Z002_Z003_Z004_Z004_Z005_Z003_Z006_Z007_Z012_Z008_Z008_Z006_Z009_Z010	Rv:0255	NA	NA	NA	NA	NA	NA	NA	NA	NA	NA
P406	FALSE	Z001_Z002_Z003_Z004_Z004_Z005_Z003_Z006_Z007_Z016_Z054_Z008_Z006_Z009_Z010	Rv:0116	NA	NA	NA	NA	NA	NA	NA	NA	NA	NA
P407	FALSE	Z001_Z002_Z003_Z004_Z004_Z005_Z003_Z006_Z007_Z048_Z006_Z007_Z011_Z006_Z017_Z010	L20v:0057	NA	NA	NA	NA	NA	NA	NA	NA	NA	NA
P408	FALSE	Z001_Z002_Z003_Z004_Z004_Z005_Z003_Z006_Z007_Z048_Z006_Z009_Z006_Z017_Z045_Z011_Z017_Z009_Z010	Rv:0515	NA	NA	NA	NA	NA	NA	NA	NA	NA	NA
P409	FALSE	Z001_Z002_Z003_Z004_Z004_Z005_Z003_Z006_Z007_Z048_Z048_Z011_Z007_Z008_Z006_Z009_Z010	Dv:0422	NA	NA	NA	NA	NA	NA	NA	NA	NA	NA
P410	FALSE	Z001_Z002_Z003_Z004_Z004_Z005_Z003_Z006_Z007_Z052_Z003_Z006_Z007_Z008_Z006_Z009_Z010	Av:0484	NA	NA	NA	NA	NA	NA	NA	NA	NA	NA
P411	FALSE	Z001_Z002_Z003_Z004_Z004_Z005_Z003_Z006_Z007_Z054_Z007_Z008_Z006_Z009_Z010	Rv:0114	NA	NA	NA	NA	NA	NA	NA	NA	NA	NA
P412	FALSE	Z001_Z002_Z003_Z004_Z004_Z005_Z003_Z006_Z007_Z056_Z007_Z007_Z006_Z007_Z052_Z006_Z020_Z016_Z006_Z009_Z010	Rv:0120	NA	NA	NA	NA	NA	NA	NA	NA	NA	NA
P413	FALSE	Z001_Z002_Z003_Z004_Z004_Z005_Z003_Z006_Z007_Z058	Av:0130	NA	NA	NA	NA	NA	NA	NA	NA	NA	NA
P414	FALSE	Z001_Z002_Z003_Z004_Z004_Z005_Z003_Z006_Z007_Z058_Z010	Av:0486	NA	NA	NA	NA	NA	NA	NA	NA	NA	NA
P415	FALSE	Z001_Z002_Z003_Z004_Z004_Z005_Z003_Z006_Z008_Z005_Z003_Z006_Z006_Z007_Z008_Z006_Z009_Z010	Av:0352	NA	NA	NA	NA	NA	NA	NA	NA	NA	NA
P416	FALSE	Z001_Z002_Z003_Z004_Z004_Z005_Z003_Z006_Z008_Z006_Z009_Z010	Av:0011	NA	NA	NA	NA	NA	NA	NA	NA	NA	NA
P417	FALSE	Z001_Z002_Z003_Z004_Z004_Z005_Z003_Z006_Z008_Z009_Z010	Uv:0488	NA	NA	NA	NA	NA	NA	NA	NA	NA	NA
P418	FALSE	Z001_Z002_Z003_Z004_Z004_Z005_Z003_Z006_Z008_Z058_Z003_Z008_Z008_Z008_Z008_Z003_Z011_Z007_Z008_Z006_Z009_Z010	Dv:0471	NA	NA	NA	NA	NA	NA	NA	NA	NA	NA
P419	FALSE	Z001_Z002_Z003_Z004_Z004_Z005_Z003_Z006_Z011_Z003_Z006_Z007_Z008_Z006_Z009_Z010	Rv:0248	NA	NA	NA	NA	NA	NA	NA	NA	NA	NA
P420	FALSE	Z001_Z002_Z003_Z004_Z004_Z005_Z003_Z006_Z011_Z004_Z004_Z005_Z003_Z006_Z011_Z007_Z008_Z006_Z009_Z010	Dv:0451	NA	NA	NA	NA	NA	NA	NA	NA	NA	NA
P421	FALSE	Z001_Z002_Z003_Z004_Z004_Z005_Z003_Z006_Z011_Z006_Z006_Z007_Z008_Z006_Z009_Z010	Rv:0369	NA	NA	NA	NA	NA	NA	NA	NA	NA	NA
P422	FALSE	Z001_Z002_Z003_Z004_Z004_Z005_Z003_Z006_Z011_Z006_Z007_Z008_Z006_Z009_Z010	Rv:0460	NA	NA	NA	NA	NA	NA	NA	NA	NA	NA
P423	FALSE	Z001_Z002_Z003_Z004_Z004_Z005_Z003_Z006_Z011_Z007_Z023_Z006_Z011_Z007_Z008_Z006_Z009_Z010	Dv:0437	NA	NA	NA	NA	NA	NA	NA	NA	NA	NA
P424	FALSE	Z001_Z002_Z003_Z004_Z004_Z005_Z003_Z006_Z011_Z007_Z004_Z004_Z005_Z003_Z006_Z011_Z007_Z008_Z006_Z009_Z010	Dv:0522	NA	NA	NA	NA	NA	NA	NA	NA	NA	NA
P425	FALSE	Z001_Z002_Z003_Z004_Z004_Z005_Z003_Z006_Z011_Z007_Z005_Z003_Z006_Z011_Z007_Z008_Z006_Z009_Z010	Dv:0513	NA	NA	NA	NA	NA	NA	NA	NA	NA	NA
P426	FALSE	Z001_Z002_Z003_Z004_Z004_Z005_Z003_Z006_Z011_Z007_Z006_Z004_Z005_Z003_Z006_Z011_Z007_Z008_Z006_Z009_Z010	Dv:0523	NA	NA	NA	NA	NA	NA	NA	NA	NA	NA
P427	FALSE	Z001_Z002_Z003_Z004_Z004_Z005_Z003_Z006_Z011_Z007_Z006_Z006_Z008_Z006_Z009_Z010	Dv:0477	NA	NA	NA	NA	NA	NA	NA	NA	NA	NA
P428	FALSE	Z001_Z002_Z003_Z004_Z004_Z005_Z003_Z006_Z011_Z007_Z006_Z007_Z008_Z006_Z009_Z010	Rv:0481	NA	NA	NA	NA	NA	NA	NA	NA	NA	NA
P429	FALSE	Z001_Z002_Z003_Z004_Z004_Z005_Z003_Z006_Z011_Z007_Z006_Z008_Z006_Z008_Z006_Z009_Z010	Dv:0423	NA	NA	NA	NA	NA	NA	NA	NA	NA	NA
P430	FALSE	Z001_Z002_Z003_Z004_Z004_Z005_Z003_Z006_Z011_Z007_Z007_Z008_Z006_Z009_Z010	Dv:0440	NA	NA	NA	NA	NA	NA	NA	NA	NA	NA
P431	FALSE	Z001_Z002_Z003_Z004_Z004_Z005_Z003_Z006_Z011_Z007_Z008_Z002_Z003_Z004_Z004_Z005_Z003_Z006_Z007_Z008_Z006_Z009_Z010	Rv:0480	NA	NA	NA	NA	NA	NA	NA	NA	NA	NA
P432	FALSE	Z001_Z002_Z003_Z004_Z004_Z005_Z003_Z006_Z011_Z007_Z008_Z002_Z003_Z004_Z004_Z005_Z003_Z006_Z011_Z007_Z006_Z009_Z010	Dv:0534	NA	NA	NA	NA	NA	NA	NA	NA	NA	NA
P433	FALSE	Z001_Z002_Z003_Z004_Z004_Z005_Z003_Z006_Z011_Z007_Z008_Z004_Z004_Z005_Z003_Z006_Z011_Z007_Z008_Z006_Z009_Z010	Dv:0526	NA	NA	NA	NA	NA	NA	NA	NA	NA	NA
P434	FALSE	Z001_Z002_Z003_Z004_Z004_Z005_Z003_Z006_Z011_Z007_Z008_Z005_Z003_Z006_Z007_Z008_Z006_Z009_Z010	Rv:0447	NA	NA	NA	NA	NA	NA	NA	NA	NA	NA
P435	FALSE	Z001_Z002_Z003_Z004_Z004_Z005_Z003_Z006_Z011_Z007_Z008_Z006_Z003_Z006_Z007_Z008_Z006_Z009_Z010	Rv:0449	NA	NA	NA	NA	NA	NA	NA	NA	NA	NA
P436	FALSE	Z001_Z002_Z003_Z004_Z004_Z005_Z003_Z006_Z011_Z007_Z008_Z006_Z003_Z006_Z011_Z007_Z008_Z006_Z009_Z010	Dv:0517	NA	NA	NA	NA	NA	NA	NA	NA	NA	NA
P437	FALSE	Z001_Z002_Z003_Z004_Z004_Z005_Z003_Z006_Z011_Z007_Z008_Z006_Z006_Z009_Z010	Dv:0448	NA	NA	NA	NA	NA	NA	NA	NA	NA	NA
P438	FALSE	Z001_Z002_Z003_Z004_Z004_Z005_Z003_Z006_Z011_Z007_Z008_Z006_Z007_Z008_Z006_Z007_Z008_Z006_Z009_Z010	Dv:0453	NA	NA	NA	NA	NA	NA	NA	NA	NA	NA
P439	FALSE	Z001_Z002_Z003_Z004_Z004_Z005_Z003_Z006_Z011_Z007_Z008_Z006_Z007_Z008_Z006_Z009_Z010	Dv:0425	NA	NA	NA	NA	NA	NA	NA	NA	NA	NA
P440	FALSE	Z001_Z002_Z003_Z004_Z004_Z005_Z003_Z006_Z011_Z007_Z008_Z006_Z008_Z006_Z009_Z010	Dv:0537	NA	NA	NA	NA	NA	NA	NA	NA	NA	NA
P441	FALSE	Z001_Z002_Z003_Z004_Z004_Z005_Z003_Z006_Z011_Z007_Z008_Z006_Z009_Z007_Z006_Z007_Z008_Z006_Z007_Z008_Z006_Z009_Z010	Rv:0482	NA	NA	NA	NA	NA	NA	NA	NA	NA	NA
P442	FALSE	Z001_Z002_Z003_Z004_Z004_Z005_Z003_Z006_Z011_Z007_Z008_Z006_Z009_Z011_Z011_Z007_Z008_Z006_Z009_Z010	Dv:0455	NA	NA	NA	NA	NA	NA	NA	NA	NA	NA
P443	FALSE	Z001_Z002_Z003_Z004_Z004_Z005_Z003_Z006_Z011_Z007_Z008_Z006_Z009_Z065_Z005_Z003_Z006_Z011_Z007_Z008_Z006_Z009_Z010	Dv:0478	NA	NA	NA	NA	NA	NA	NA	NA	NA	NA
P444	FALSE	Z001_Z002_Z003_Z004_Z004_Z005_Z003_Z006_Z011_Z007_Z008_Z006_Z017_Z006_Z006_Z011_Z007_Z008_Z006_Z009_Z010	Dv:0467	NA	NA	NA	NA	NA	NA	NA	NA	NA	NA
P445	FALSE	Z001_Z002_Z003_Z004_Z004_Z005_Z003_Z006_Z011_Z007_Z008_Z006_Z017_Z006_Z017_Z006_Z009_Z010	Dv:0502	NA	NA	NA	NA	NA	NA	NA	NA	NA	NA
P446	FALSE	Z001_Z002_Z003_Z004_Z004_Z005_Z003_Z006_Z011_Z007_Z008_Z006_Z017_Z007_Z008_Z006_Z009_Z010	Dv:0441	NA	NA	NA	NA	NA	NA	NA	NA	NA	NA
P447	FALSE	Z001_Z002_Z003_Z004_Z004_Z005_Z003_Z006_Z011_Z007_Z008_Z006_Z017_Z008_Z009_Z010	Dv:0539	NA	NA	NA	NA	NA	NA	NA	NA	NA	NA
P448	FALSE	Z001_Z002_Z003_Z004_Z004_Z005_Z003_Z006_Z011_Z007_Z008_Z006_Z017_Z009_Z010	Dv:0450	NA	NA	NA	NA	NA	NA	NA	NA	NA	NA
P449	FALSE	Z001_Z002_Z003_Z004_Z004_Z005_Z003_Z006_Z011_Z007_Z008_Z006_Z017_Z048_Z007_Z008_Z006_Z009_Z010	Dv:0445	NA	NA	NA	NA	NA	NA	NA	NA	NA	NA
P450	FALSE	Z001_Z002_Z003_Z004_Z004_Z005_Z003_Z006_Z011_Z007_Z008_Z006_Z063_Z017_Z009_Z010	Dv:0541	NA	NA	NA	NA	NA	NA	NA	NA	NA	NA
P451	FALSE	Z001_Z002_Z003_Z004_Z004_Z005_Z003_Z006_Z011_Z007_Z008_Z007_Z007_Z008_Z011_Z008_Z006_Z009_Z010	Dv:0514	NA	NA	NA	NA	NA	NA	NA	NA	NA	NA
P452	FALSE	Z001_Z002_Z003_Z004_Z004_Z005_Z003_Z006_Z011_Z007_Z008_Z007_Z011_Z007_Z008_Z006_Z009_Z010	Dv:0439	NA	NA	NA	NA	NA	NA	NA	NA	NA	NA
P453	FALSE	Z001_Z002_Z003_Z004_Z004_Z005_Z003_Z006_Z011_Z007_Z008_Z008_Z006_Z009_Z010	Dv:0444	NA	NA	NA	NA	NA	NA	NA	NA	NA	NA
P454	FALSE	Z001_Z002_Z003_Z004_Z004_Z005_Z003_Z006_Z011_Z007_Z008_Z008_Z008_Z006_Z009_Z010	Dv:0533	NA	NA	NA	NA	NA	NA	NA	NA	NA	NA
P455	FALSE	Z001_Z002_Z003_Z004_Z004_Z005_Z003_Z006_Z011_Z007_Z008_Z011_Z006_Z009_Z010	Dv:0521	NA	NA	NA	NA	NA	NA	NA	NA	NA	NA
P456	FALSE	Z001_Z002_Z003_Z004_Z004_Z005_Z003_Z006_Z011_Z007_Z008_Z017_Z008_Z006_Z009_Z010	Dv:0479	NA	NA	NA	NA	NA	NA	NA	NA	NA	NA
P457	FALSE	Z001_Z002_Z003_Z004_Z004_Z005_Z003_Z006_Z011_Z007_Z008_Z017_Z009_Z006_Z009_Z010	Dv:0535	NA	NA	NA	NA	NA	NA	NA	NA	NA	NA
P458	FALSE	Z001_Z002_Z003_Z004_Z004_Z005_Z003_Z006_Z011_Z007_Z008_Z045_Z006_Z006_Z003_Z006_Z011_Z007_Z008_Z006_Z009_Z010	Dv:0528	NA	NA	NA	NA	NA	NA	NA	NA	NA	NA
P459	FALSE	Z001_Z002_Z003_Z004_Z004_Z005_Z003_Z006_Z011_Z007_Z008_Z045_Z007_Z008_Z006_Z009_Z010	Dv:0493	NA	NA	NA	NA	NA	NA	NA	NA	NA	NA
P460	FALSE	Z001_Z002_Z003_Z004_Z004_Z005_Z003_Z006_Z011_Z007_Z008_Z048_Z006_Z009_Z010	Dv:0446	NA	NA	NA	NA	NA	NA	NA	NA	NA	NA
P461	FALSE	Z001_Z002_Z003_Z004_Z004_Z005_Z003_Z006_Z011_Z007_Z008_Z049_Z049_Z049_Z006_Z009_Z010	Dv:0492	NA	NA	NA	NA	NA	NA	NA	NA	NA	NA
P462	FALSE	Z001_Z002_Z003_Z004_Z004_Z005_Z003_Z006_Z011_Z007_Z011_Z006_Z008_Z006_Z009_Z010	Dv:0531	NA	NA	NA	NA	NA	NA	NA	NA	NA	NA
P463	FALSE	Z001_Z002_Z003_Z004_Z004_Z005_Z003_Z006_Z011_Z007_Z011_Z007_Z008_Z006_Z009_Z010	Dv:0475	NA	NA	NA	NA	NA	NA	NA	NA	NA	NA
P464	FALSE	Z001_Z002_Z003_Z004_Z004_Z005_Z003_Z006_Z011_Z007_Z021_Z008_Z006_Z009_Z010	Dv:0442	NA	NA	NA	NA	NA	NA	NA	NA	NA	NA
P465	FALSE	Z001_Z002_Z003_Z004_Z004_Z005_Z003_Z006_Z011_Z007_Z052_Z048_Z052_Z003_Z011_Z007_Z008_Z006_Z009_Z010	Dv:0518	NA	NA	NA	NA	NA	NA	NA	NA	NA	NA
P466	FALSE	Z001_Z002_Z003_Z004_Z004_Z005_Z003_Z006_Z011_Z008_Z006_Z007_Z008_Z006_Z009_Z010	Dv:0472	NA	NA	NA	NA	NA	NA	NA	NA	NA	NA
P467	FALSE	Z001_Z002_Z003_Z004_Z004_Z005_Z003_Z006_Z011_Z008_Z006_Z011_Z006_Z011_Z007_Z006_Z011_Z007_Z008_Z006_Z009_Z010	Dv:0525	NA	NA	NA	NA	NA	NA	NA	NA	NA	NA
P468	FALSE	Z001_Z002_Z003_Z004_Z004_Z005_Z003_Z006_Z011_Z011_Z007_Z008_Z006_Z009_Z010	Dv:0438	NA	NA	NA	NA	NA	NA	NA	NA	NA	NA
P469	FALSE	Z001_Z002_Z003_Z004_Z004_Z005_Z003_Z006_Z011_Z048_Z008_Z006_Z007_Z008_Z006_Z009_Z010	Rv:0427	NA	NA	NA	NA	NA	NA	NA	NA	NA	NA
P470	FALSE	Z001_Z002_Z003_Z004_Z004_Z005_Z003_Z006_Z011_Z048_Z009_Z010	Dv:0497	NA	NA	NA	NA	NA	NA	NA	NA	NA	NA
P471	FALSE	Z001_Z002_Z003_Z004_Z004_Z005_Z003_Z006_Z011_Z060_Z003_Z004_Z004_Z005_Z003_Z048_Z007_Z008_Z006_Z009_Z010	Dv:0465	NA	NA	NA	NA	NA	NA	NA	NA	NA	NA
P472	FALSE	Z001_Z002_Z003_Z004_Z004_Z005_Z003_Z006_Z017_Z011_Z007_Z008_Z006_Z009_Z010	Rv:0454	NA	NA	NA	NA	NA	NA	NA	NA	NA	NA
P473	FALSE	Z001_Z002_Z003_Z004_Z004_Z005_Z003_Z006_Z018_Z006_Z007_Z008_Z006_Z009_Z010	Av:0071	NA	NA	NA	NA	NA	NA	NA	NA	NA	NA
P474	FALSE	Z001_Z002_Z003_Z004_Z004_Z005_Z003_Z006_Z020_Z016_Z006_Z017_Z006_Z017_Z010	L24v:0112	NA	NA	NA	NA	NA	NA	NA	NA	NA	NA
P475	FALSE	Z001_Z002_Z003_Z004_Z004_Z005_Z003_Z006_Z020_Z016_Z006_Z017_Z008_Z006_Z017_Z010	Rv:0105	NA	NA	NA	NA	NA	NA	NA	NA	NA	NA
P476	FALSE	Z001_Z002_Z003_Z004_Z004_Z005_Z003_Z006_Z020_Z016_Z006_Z017_Z020_Z016_Z006_Z017_Z010	L24v:0115	NA	NA	NA	NA	NA	NA	NA	NA	NA	NA
P477	FALSE	Z001_Z002_Z003_Z004_Z004_Z005_Z003_Z006_Z020_Z016_Z006_Z020_Z016_Z006_Z017_Z010	L24v:0104	NA	NA	NA	NA	NA	NA	NA	NA	NA	NA
P478	FALSE	Z001_Z002_Z003_Z004_Z004_Z005_Z003_Z006_Z020_Z016_Z020_Z016_Z006_Z017_Z010	L24v:0110	NA	NA	NA	NA	NA	NA	NA	NA	NA	NA
P479	FALSE	Z001_Z002_Z003_Z004_Z004_Z005_Z003_Z006_Z042_Z010	Av:0006	NA	NA	NA	NA	NA	NA	NA	NA	NA	NA
P480	FALSE	Z001_Z002_Z003_Z004_Z004_Z005_Z003_Z006_Z043_Z004_Z005_Z003_Z007_Z008_Z006_Z009_Z010	Av:0084	NA	NA	NA	NA	NA	NA	NA	NA	NA	NA
P481	FALSE	Z001_Z002_Z003_Z004_Z004_Z005_Z003_Z006_Z048_Z006_Z011_Z007_Z008_Z006_Z009_Z010	Dv:0470	NA	NA	NA	NA	NA	NA	NA	NA	NA	NA
P482	FALSE	Z001_Z002_Z003_Z004_Z004_Z005_Z003_Z006_Z048_Z007_Z008_Z006_Z011_Z007_Z008_Z006_Z009_Z010	Dv:0435	NA	NA	NA	NA	NA	NA	NA	NA	NA	NA
P483	FALSE	Z001_Z002_Z003_Z004_Z004_Z005_Z003_Z006_Z048_Z048_Z007_Z008_Z006_Z009_Z010	Uv:0452	NA	NA	NA	NA	NA	NA	NA	NA	NA	NA
P484	FALSE	Z001_Z002_Z003_Z004_Z004_Z005_Z003_Z006_Z048_Z048_Z049_Z007_Z008_Z006_Z009_Z010	Av:0529	NA	NA	NA	NA	NA	NA	NA	NA	NA	NA
P485	FALSE	Z001_Z002_Z003_Z004_Z004_Z005_Z003_Z006_Z060_Z006_Z009_Z010	Av:0151	NA	NA	NA	NA	NA	NA	NA	NA	NA	NA
P486	FALSE	Z001_Z002_Z003_Z004_Z004_Z005_Z003_Z006_Z060_Z007_Z060_Z060_Z007_Z008_Z006_Z009_Z010	Av:0420	NA	NA	NA	NA	NA	NA	NA	NA	NA	NA
P487	FALSE	Z001_Z002_Z003_Z004_Z004_Z005_Z003_Z006_Z060_Z011_Z007_Z008_Z006_Z009_Z010	Rv:0456	NA	NA	NA	NA	NA	NA	NA	NA	NA	NA
P488	FALSE	Z001_Z002_Z003_Z004_Z004_Z005_Z003_Z007_Z008_Z006_Z009_Z010	Av:0009	NA	NA	NA	NA	NA	NA	NA	NA	NA	NA
P489	FALSE	Z001_Z002_Z003_Z004_Z004_Z005_Z003_Z008_Z006_Z009_Z010	Av:0014	NA	NA	NA	NA	NA	NA	NA	NA	NA	NA
P490	FALSE	Z001_Z002_Z003_Z004_Z004_Z005_Z003_Z018_Z003_Z006_Z011_Z008_Z012_Z008_Z009	Rv:0164	NA	NA	NA	NA	NA	NA	NA	NA	NA	NA
P491	FALSE	Z001_Z002_Z003_Z004_Z004_Z005_Z003_Z043_Z003_Z004_Z004_Z005_Z048_Z007_Z008_Z006_Z009_Z010	Av:0495	NA	NA	NA	NA	NA	NA	NA	NA	NA	NA
P492	FALSE	Z001_Z002_Z003_Z004_Z004_Z005_Z003_Z045_Z011_Z011_Z007_Z008_Z006_Z009_Z010	Dv:0516	NA	NA	NA	NA	NA	NA	NA	NA	NA	NA
P493	FALSE	Z001_Z002_Z003_Z004_Z004_Z005_Z003_Z046_Z005_Z003_Z006_Z011_Z007_Z008_Z006_Z009_Z010	Dv:0489	NA	NA	NA	NA	NA	NA	NA	NA	NA	NA
P494	FALSE	Z001_Z002_Z003_Z004_Z004_Z005_Z003_Z049_Z006_Z006_Z007_Z008_Z005_Z003_Z049_Z006_Z006_Z007_Z008_Z006_Z009_Z010	Av:0524	NA	NA	NA	NA	NA	NA	NA	NA	NA	NA
P495	FALSE	Z001_Z002_Z003_Z004_Z004_Z005_Z004_Z004_Z003_Z006_Z007_Z008_Z006_Z009_Z010	Av:0154	NA	NA	NA	NA	NA	NA	NA	NA	NA	NA
P496	FALSE	Z001_Z002_Z003_Z004_Z004_Z005_Z004_Z004_Z005_Z003_Z006_Z007_Z008_Z006_Z009_Z010	Av:0055	NA	NA	NA	NA	NA	NA	NA	NA	NA	NA
P497	FALSE	Z001_Z002_Z003_Z004_Z004_Z005_Z004_Z004_Z047_Z004_Z005_Z003_Z006_Z007_Z008_Z006_Z009_Z010	Av:0047	NA	NA	NA	NA	NA	NA	NA	NA	NA	NA
P498	FALSE	Z001_Z002_Z003_Z004_Z004_Z005_Z004_Z005_Z003_Z006_Z007_Z008_Z006_Z009_Z010	Av:0040	NA	NA	NA	NA	NA	NA	NA	NA	NA	NA
P499	FALSE	Z001_Z002_Z003_Z004_Z004_Z005_Z004_Z018_Z003_Z006_Z011_Z008_Z012_Z008_Z009_Z010	Rv:0246	NA	NA	NA	NA	NA	NA	NA	NA	NA	NA
P500	FALSE	Z001_Z002_Z003_Z004_Z004_Z005_Z005_Z003_Z006_Z011_Z007_Z008_Z006_Z009_Z010	Dv:0512	NA	NA	NA	NA	NA	NA	NA	NA	NA	NA
P501	FALSE	Z001_Z002_Z003_Z004_Z004_Z005_Z005_Z004_Z004_Z003_Z003_Z006_Z007_Z008_Z006_Z009_Z010	Av:0177	NA	NA	NA	NA	NA	NA	NA	NA	NA	NA
P502	FALSE	Z001_Z002_Z003_Z004_Z004_Z005_Z005_Z005_Z003_Z006_Z007_Z005_Z004_Z005_Z005_Z003_Z006_Z020_Z016_Z006_Z017_Z010	Rv:0121	NA	NA	NA	NA	NA	NA	NA	NA	NA	NA
P503	FALSE	Z001_Z002_Z003_Z004_Z004_Z005_Z005_Z005_Z003_Z006_Z007_Z011_Z006_Z017_Z010	L20v:0056	NA	NA	NA	NA	NA	NA	NA	NA	NA	NA
P504	FALSE	Z001_Z002_Z003_Z004_Z004_Z005_Z005_Z006_Z009_Z010	Av:0028	NA	NA	NA	NA	NA	NA	NA	NA	NA	NA
P505	FALSE	Z001_Z002_Z003_Z004_Z004_Z005_Z006_Z007_Z004_Z003_Z006_Z007_Z008_Z006_Z009_Z010	Av:0527	NA	NA	NA	NA	NA	NA	NA	NA	NA	NA
P506	FALSE	Z001_Z002_Z003_Z004_Z004_Z005_Z006_Z007_Z006_Z006_Z003_Z006_Z007_Z008_Z006_Z009_Z010	Av:0178	NA	NA	NA	NA	NA	NA	NA	NA	NA	NA
P507	FALSE	Z001_Z002_Z003_Z004_Z004_Z005_Z006_Z007_Z008_Z006_Z009_Z010	Av:0007	NA	NA	NA	NA	NA	NA	NA	NA	NA	NA
P508	FALSE	Z001_Z002_Z003_Z004_Z004_Z005_Z006_Z009_Z010	Av:0026	NA	NA	NA	NA	NA	NA	NA	NA	NA	NA
P509	FALSE	Z001_Z002_Z003_Z004_Z004_Z005_Z007_Z008_Z006_Z009_Z010	Av:0012	NA	NA	NA	NA	NA	NA	NA	NA	NA	NA
P510	FALSE	Z001_Z002_Z003_Z004_Z004_Z005_Z043_Z005_Z003_Z006_Z007_Z008_Z006_Z009_Z010	Av:0424	NA	NA	NA	NA	NA	NA	NA	NA	NA	NA
P511	FALSE	Z001_Z002_Z003_Z004_Z004_Z005_Z043_Z005_Z006_Z007_Z008_Z006_Z009_Z010	Av:0029	NA	NA	NA	NA	NA	NA	NA	NA	NA	NA
P512	FALSE	Z001_Z002_Z003_Z004_Z004_Z005_Z043_Z006_Z007_Z008_Z006_Z009_Z006_Z006_Z006_Z007_Z008_Z006_Z009_Z010	Av:0119	NA	NA	NA	NA	NA	NA	NA	NA	NA	NA
P513	FALSE	Z001_Z002_Z003_Z004_Z004_Z005_Z043_Z043_Z005_Z003_Z006_Z007_Z008_Z006_Z009_Z010	Av:0462	NA	NA	NA	NA	NA	NA	NA	NA	NA	NA
P514	FALSE	Z001_Z002_Z003_Z004_Z004_Z005_Z043_Z043_Z005_Z043_Z004_Z005_Z003_Z006_Z007_Z008_Z006_Z009_Z010	Av:0094	NA	NA	NA	NA	NA	NA	NA	NA	NA	NA
P515	FALSE	Z001_Z002_Z003_Z004_Z004_Z005_Z050_Z050_Z003_Z004_Z004_Z005_Z003_Z006_Z007_Z008_Z006_Z009_Z010	Av:0065	NA	NA	NA	NA	NA	NA	NA	NA	NA	NA
P516	FALSE	Z001_Z002_Z003_Z004_Z004_Z005_Z051_Z022_Z003_Z006_Z007_Z008_Z006_Z009_Z010	Rv:0075	NA	NA	NA	NA	NA	NA	NA	NA	NA	NA
P517	FALSE	Z001_Z002_Z003_Z004_Z004_Z005_Z057_Z010	Av:0122	NA	NA	NA	NA	NA	NA	NA	NA	NA	NA
P518	FALSE	Z001_Z002_Z003_Z004_Z004_Z006_Z005_Z003_Z021_Z007_Z008_Z006_Z009_Z010	Av:0027	NA	NA	NA	NA	NA	NA	NA	NA	NA	NA
P519	FALSE	Z001_Z002_Z003_Z004_Z004_Z006_Z007_Z008_Z006_Z009_Z010	Av:0032	NA	NA	NA	NA	NA	NA	NA	NA	NA	NA
P520	FALSE	Z001_Z002_Z003_Z004_Z004_Z006_Z011_Z008_Z012_Z008_Z009_Z010	Cv:0207	NA	NA	NA	NA	NA	NA	NA	NA	NA	NA
P521	FALSE	Z001_Z002_Z003_Z004_Z004_Z018_Z004_Z003_Z003_Z006_Z011_Z008_Z012_Z015_Z009_Z010	L14v:0362	NA	NA	NA	NA	NA	NA	NA	NA	NA	NA
P522	FALSE	Z001_Z002_Z003_Z004_Z004_Z018_Z004_Z018_Z003_Z006_Z011_Z008_Z012_Z008_Z009_Z010	L16v:0388	NA	NA	NA	NA	NA	NA	NA	NA	NA	NA
P523	FALSE	Z001_Z002_Z003_Z004_Z004_Z022_Z003_Z004_Z004_Z005_Z003_Z006_Z007_Z008_Z006_Z009_Z010	Rv:0068	NA	NA	NA	NA	NA	NA	NA	NA	NA	NA
P524	FALSE	Z001_Z002_Z003_Z004_Z004_Z022_Z003_Z006_Z003_Z006_Z003_Z006_Z007_Z008_Z006_Z009_Z010	L27v:0067	NA	NA	NA	NA	NA	NA	NA	NA	NA	NA
P525	FALSE	Z001_Z002_Z003_Z004_Z004_Z022_Z003_Z006_Z007_Z008_Z003_Z004_Z004_Z022_Z003_Z006_Z007_Z008_Z006_Z009_Z010	L27v:0077	NA	NA	NA	NA	NA	NA	NA	NA	NA	NA
P526	FALSE	Z001_Z002_Z003_Z004_Z004_Z022_Z003_Z006_Z007_Z008_Z004_Z022_Z003_Z006_Z007_Z008_Z006_Z009_Z010	L27v:0072	NA	NA	NA	NA	NA	NA	NA	NA	NA	NA
P527	FALSE	Z001_Z002_Z003_Z004_Z004_Z022_Z003_Z006_Z007_Z008_Z052_Z052_Z008_Z052_Z052_Z008_Z006_Z009_Z010	L27v:0074	NA	NA	NA	NA	NA	NA	NA	NA	NA	NA
P528	FALSE	Z001_Z002_Z003_Z004_Z004_Z022_Z004_Z004_Z022_Z003_Z006_Z007_Z008_Z006_Z009_Z010	L27v:0080	NA	NA	NA	NA	NA	NA	NA	NA	NA	NA
P529	FALSE	Z001_Z002_Z003_Z004_Z004_Z022_Z005_Z005_Z003_Z006_Z007_Z008_Z006_Z009_Z010	Rv:0073	NA	NA	NA	NA	NA	NA	NA	NA	NA	NA
P530	FALSE	Z001_Z002_Z003_Z004_Z004_Z043_Z003_Z003_Z006_Z011_Z008_Z012_Z015_Z009_Z010	L14v:0348	NA	NA	NA	NA	NA	NA	NA	NA	NA	NA
P531	FALSE	Z001_Z002_Z003_Z004_Z004_Z043_Z004_Z005_Z003_Z006_Z007_Z008_Z006_Z009_Z010	Av:0153	NA	NA	NA	NA	NA	NA	NA	NA	NA	NA
P532	FALSE	Z001_Z002_Z003_Z004_Z004_Z043_Z005_Z003_Z006_Z007_Z008_Z006_Z009_Z010	Av:0125	NA	NA	NA	NA	NA	NA	NA	NA	NA	NA
P533	FALSE	Z001_Z002_Z003_Z004_Z004_Z043_Z005_Z003_Z006_Z011_Z007_Z008_Z006_Z009_Z010	Dv:0510	NA	NA	NA	NA	NA	NA	NA	NA	NA	NA
P534	FALSE	Z001_Z002_Z003_Z004_Z004_Z043_Z018_Z003_Z006_Z011_Z008_Z012_Z008_Z009_Z010	Cv:0194	NA	NA	NA	NA	NA	NA	NA	NA	NA	NA
P535	FALSE	Z001_Z002_Z003_Z004_Z004_Z047_Z003_Z004_Z022_Z003_Z006_Z007_Z008_Z006_Z009_Z010	L27v:0079	NA	NA	NA	NA	NA	NA	NA	NA	NA	NA
P536	FALSE	Z001_Z002_Z003_Z004_Z004_Z047_Z003_Z005_Z003_Z006_Z020_Z016_Z006_Z017_Z010	L24v:0108	NA	NA	NA	NA	NA	NA	NA	NA	NA	NA
P537	FALSE	Z001_Z002_Z003_Z004_Z004_Z047_Z004_Z005_Z003_Z006_Z007_Z008_Z006_Z009_Z010	Av:0421	NA	NA	NA	NA	NA	NA	NA	NA	NA	NA
P538	FALSE	Z001_Z002_Z003_Z004_Z004_Z047_Z005_Z003_Z006_Z007_Z008_Z006_Z009_Z010	Av:0025	NA	NA	NA	NA	NA	NA	NA	NA	NA	NA
P539	FALSE	Z001_Z002_Z003_Z004_Z005_Z004_Z004_Z005_Z003_Z006_Z020_Z016_Z006_Z017_Z010	L24v:0106	NA	NA	NA	NA	NA	NA	NA	NA	NA	NA
P540	FALSE	Z001_Z002_Z003_Z004_Z006_Z003_Z006_Z007_Z008_Z006_Z009_Z010	Av:0043	NA	NA	NA	NA	NA	NA	NA	NA	NA	NA
P541	FALSE	Z001_Z002_Z003_Z004_Z006_Z007_Z008_Z006_Z009_Z010	Av:0005	NA	NA	NA	NA	NA	NA	NA	NA	NA	NA
P542	FALSE	Z001_Z002_Z003_Z004_Z014_Z003_Z006_Z007_Z008_Z006_Z009_Z010	Av:0045	NA	NA	NA	NA	NA	NA	NA	NA	NA	NA
P543	FALSE	Z001_Z002_Z003_Z004_Z018_Z003_Z003_Z003_Z006_Z011_Z008_Z012_Z008_Z009_Z010	L16v:0381	NA	NA	NA	NA	NA	NA	NA	NA	NA	NA
P544	FALSE	Z001_Z002_Z003_Z004_Z018_Z003_Z003_Z004_Z003_Z003_Z006_Z011_Z008_Z012_Z008_Z009_Z010	Cv:0393	NA	NA	NA	NA	NA	NA	NA	NA	NA	NA
P545	FALSE	Z001_Z002_Z003_Z004_Z018_Z003_Z006_Z004_Z004_Z005_Z003_Z006_Z007_Z008_Z006_Z009_Z010	Rv:0259	NA	NA	NA	NA	NA	NA	NA	NA	NA	NA
P546	FALSE	Z001_Z002_Z003_Z004_Z018_Z003_Z006_Z011_Z003_Z003_Z006_Z011_Z008_Z012_Z008_Z009_Z010	L16v:0373	NA	NA	NA	NA	NA	NA	NA	NA	NA	NA
P547	FALSE	Z001_Z002_Z003_Z004_Z018_Z003_Z006_Z011_Z008_Z031_Z011_Z008_Z012_Z008_Z009_Z010	L16v:0389	NA	NA	NA	NA	NA	NA	NA	NA	NA	NA
P548	FALSE	Z001_Z002_Z003_Z004_Z018_Z003_Z006_Z011_Z008_Z003_Z006_Z011_Z008_Z006_Z009_Z010	Rv:0250	NA	NA	NA	NA	NA	NA	NA	NA	NA	NA
P549	FALSE	Z001_Z002_Z003_Z004_Z018_Z003_Z006_Z011_Z008_Z008_Z008_Z012_Z008_Z009_Z010	L16v:0383	NA	NA	NA	NA	NA	NA	NA	NA	NA	NA
P550	FALSE	Z001_Z002_Z003_Z004_Z018_Z003_Z006_Z011_Z008_Z012_Z008_Z008_Z012_Z008_Z009_Z010	L16v:0390	NA	NA	NA	NA	NA	NA	NA	NA	NA	NA
P551	FALSE	Z001_Z002_Z003_Z004_Z018_Z003_Z006_Z011_Z008_Z012_Z008_Z009	L15v:0159	NA	NA	NA	NA	NA	NA	NA	NA	NA	NA
P552	FALSE	Z001_Z002_Z003_Z004_Z018_Z003_Z006_Z011_Z008_Z012_Z008_Z009_Z008_Z009_Z010	L16v:0251	NA	NA	NA	NA	NA	NA	NA	NA	NA	NA
P553	FALSE	Z001_Z002_Z003_Z004_Z018_Z003_Z006_Z011_Z008_Z012_Z008_Z018_Z018_Z004_Z018_Z003_Z006_Z011_Z008_Z012_Z008_Z009_Z010	L16v:0387	NA	NA	NA	NA	NA	NA	NA	NA	NA	NA
P554	FALSE	Z001_Z002_Z003_Z004_Z018_Z003_Z006_Z011_Z008_Z012_Z015_Z029_Z012_Z028_Z008_Z009_Z010	Rv:0376	NA	NA	NA	NA	NA	NA	NA	NA	NA	NA
P555	FALSE	Z001_Z002_Z003_Z004_Z018_Z003_Z006_Z011_Z011_Z036_Z011_Z008_Z012_Z008_Z009_Z010	L16v:0244	NA	NA	NA	NA	NA	NA	NA	NA	NA	NA
P556	FALSE	Z001_Z002_Z003_Z004_Z018_Z003_Z006_Z048_Z008_Z012_Z008_Z012_Z008_Z009_Z010	L16v:0249	NA	NA	NA	NA	NA	NA	NA	NA	NA	NA
P557	FALSE	Z001_Z002_Z003_Z004_Z018_Z003_Z006_Z048_Z052_Z008_Z008_Z012_Z008_Z009_Z010	L16v:0247	NA	NA	NA	NA	NA	NA	NA	NA	NA	NA
P558	FALSE	Z001_Z002_Z003_Z004_Z018_Z003_Z012_Z008_Z009_Z010	Cv:0278	NA	NA	NA	NA	NA	NA	NA	NA	NA	NA
P559	FALSE	Z001_Z002_Z003_Z004_Z018_Z004_Z004_Z003_Z003_Z006_Z011_Z008_Z012_Z008_Z009_Z010	Cv:0215	NA	NA	NA	NA	NA	NA	NA	NA	NA	NA
P560	FALSE	Z001_Z002_Z003_Z004_Z018_Z004_Z004_Z004_Z003_Z003_Z006_Z011_Z008_Z012_Z008_Z009_Z010	Cv:0305	NA	NA	NA	NA	NA	NA	NA	NA	NA	NA
P561	FALSE	Z001_Z002_Z003_Z004_Z018_Z004_Z004_Z004_Z003_Z004_Z004_Z003_Z003_Z006_Z011_Z008_Z012_Z008_Z009	L15v:0182	NA	NA	NA	NA	NA	NA	NA	NA	NA	NA
P562	FALSE	Z001_Z002_Z003_Z004_Z018_Z004_Z004_Z005_Z003_Z006_Z007_Z008_Z006_Z009_Z010	Rv:0253	NA	NA	NA	NA	NA	NA	NA	NA	NA	NA
P563	FALSE	Z001_Z002_Z003_Z004_Z018_Z012_Z003_Z004_Z018_Z003_Z006_Z011_Z008_Z012_Z008_Z009_Z010	L16v:0256	NA	NA	NA	NA	NA	NA	NA	NA	NA	NA
P564	FALSE	Z001_Z002_Z003_Z004_Z018_Z018_Z018_Z004_Z004_Z005_Z003_Z006_Z020_Z016_Z006_Z017_Z010	L24v:0111	NA	NA	NA	NA	NA	NA	NA	NA	NA	NA
P565	FALSE	Z001_Z002_Z003_Z004_Z018_Z050_Z003_Z004_Z004_Z005_Z003_Z006_Z007_Z008_Z006_Z009_Z010	Av:0392	NA	NA	NA	NA	NA	NA	NA	NA	NA	NA
P566	FALSE	Z001_Z002_Z003_Z004_Z022_Z043_Z004_Z005_Z003_Z043_Z004_Z022_Z003_Z006_Z007_Z008_Z006_Z009_Z010	Rv:0076	NA	NA	NA	NA	NA	NA	NA	NA	NA	NA
P567	FALSE	Z001_Z002_Z003_Z004_Z043_Z004_Z004_Z005_Z003_Z006_Z007_Z008_Z006_Z009_Z010	Av:0501	NA	NA	NA	NA	NA	NA	NA	NA	NA	NA
P568	FALSE	Z001_Z002_Z003_Z004_Z051_Z004_Z004_Z003_Z003_Z006_Z011_Z008_Z012_Z008_Z009	L15v:0158	NA	NA	NA	NA	NA	NA	NA	NA	NA	NA
P569	FALSE	Z001_Z002_Z003_Z004_Z055_Z053_Z003_Z004_Z004_Z005_Z003_Z006_Z007_Z008_Z006_Z009_Z010	Av:0107	NA	NA	NA	NA	NA	NA	NA	NA	NA	NA
P570	FALSE	Z001_Z002_Z003_Z004_Z067_Z003_Z004_Z051_Z067_Z003_Z004_Z004_Z003_Z003_Z006_Z011_Z008_Z012_Z008_Z009	Rv:0188	NA	NA	NA	NA	NA	NA	NA	NA	NA	NA
P571	FALSE	Z001_Z002_Z003_Z005_Z003_Z006_Z007_Z008_Z006_Z009_Z010	Av:0030	NA	NA	NA	NA	NA	NA	NA	NA	NA	NA
P572	FALSE	Z001_Z002_Z003_Z005_Z004_Z004_Z004_Z004_Z005_Z003_Z006_Z004_Z004_Z005_Z003_Z006_Z007_Z008_Z006_Z009_Z010	Av:0520	NA	NA	NA	NA	NA	NA	NA	NA	NA	NA
P573	FALSE	Z001_Z002_Z003_Z006_Z011_Z008_Z012_Z008_Z009	L15v:0126	NA	NA	NA	NA	NA	NA	NA	NA	NA	NA
P574	FALSE	Z001_Z002_Z003_Z006_Z011_Z008_Z012_Z008_Z009_Z010	Cv:0197	NA	NA	NA	NA	NA	NA	NA	NA	NA	NA
P575	FALSE	Z001_Z002_Z003_Z006_Z011_Z008_Z012_Z015_Z017_Z004_Z004_Z003_Z003_Z006_Z011_Z008_Z012_Z015_Z009_Z010	L14v:0331	NA	NA	NA	NA	NA	NA	NA	NA	NA	NA
P576	FALSE	Z001_Z002_Z003_Z008_Z006_Z009_Z010	Av:0023	NA	NA	NA	NA	NA	NA	NA	NA	NA	NA
P577	FALSE	Z001_Z002_Z003_Z011_Z008_Z012_Z008_Z009_Z010	Cv:0191	NA	NA	NA	NA	NA	NA	NA	NA	NA	NA
P578	FALSE	Z001_Z002_Z003_Z018_Z004_Z004_Z003_Z003_Z003_Z006_Z011_Z008_Z012_Z008_Z009_Z010	Cv:0276	NA	NA	NA	NA	NA	NA	NA	NA	NA	NA
P579	FALSE	Z001_Z002_Z003_Z018_Z004_Z004_Z003_Z003_Z006_Z011_Z008_Z012_Z008_Z009	L15v:0133	NA	NA	NA	NA	NA	NA	NA	NA	NA	NA
P580	FALSE	Z001_Z002_Z003_Z043_Z003_Z004_Z004_Z005_Z003_Z006_Z007_Z008_Z006_Z009_Z010	Av:0152	NA	NA	NA	NA	NA	NA	NA	NA	NA	NA
P581	FALSE	Z001_Z002_Z003_Z043_Z004_Z004_Z004_Z004_Z003_Z003_Z006_Z011_Z008_Z012_Z008_Z009_Z010	Cv:0303	NA	NA	NA	NA	NA	NA	NA	NA	NA	NA
P582	FALSE	Z001_Z002_Z003_Z051_Z018_Z004_Z004_Z005_Z003_Z006_Z007_Z008_Z006_Z009_Z010	Av:0418	NA	NA	NA	NA	NA	NA	NA	NA	NA	NA
P583	FALSE	Z001_Z002_Z003_Z051_Z043_Z051_Z003_Z004_Z004_Z003_Z003_Z006_Z011_Z008_Z012_Z008_Z009_Z010	Cv:0402	NA	NA	NA	NA	NA	NA	NA	NA	NA	NA
P584	FALSE	Z001_Z002_Z004_Z004_Z003_Z003_Z006_Z011_Z008_Z012_Z008_Z009_Z010	Cv:0210	NA	NA	NA	NA	NA	NA	NA	NA	NA	NA
P585	FALSE	Z001_Z002_Z004_Z004_Z003_Z003_Z006_Z011_Z008_Z012_Z015_Z009_Z010	L14v:0300	NA	NA	NA	NA	NA	NA	NA	NA	NA	NA
P586	FALSE	Z001_Z002_Z004_Z004_Z003_Z004_Z004_Z005_Z003_Z006_Z007_Z008_Z006_Z009_Z010	Av:0081	NA	NA	NA	NA	NA	NA	NA	NA	NA	NA
P587	FALSE	Z001_Z002_Z004_Z004_Z005_Z003_Z006_Z007_Z008_Z006_Z009_Z010	Av:0002	NA	NA	NA	NA	NA	NA	NA	NA	NA	NA
P588	FALSE	Z001_Z002_Z007_Z008_Z006_Z009_Z010	Av:0021	NA	NA	NA	NA	NA	NA	NA	NA	NA	NA
P589	FALSE	Z001_Z002_Z043_Z003_Z004_Z003_Z004_Z003_Z004_Z004_Z005_Z003_Z006_Z007_Z008_Z006_Z009_Z010	Av:0400	NA	NA	NA	NA	NA	NA	NA	NA	NA	NA
P590	FALSE	Z001_Z002_Z043_Z004_Z005_Z003_Z006_Z007_Z008_Z006_Z009_Z010	Av:0004	NA	NA	NA	NA	NA	NA	NA	NA	NA	NA
P591	FALSE	Z001_Z002_Z043_Z005_Z003_Z006_Z007_Z008_Z006_Z009_Z010	Av:0010	NA	NA	NA	NA	NA	NA	NA	NA	NA	NA
P592	FALSE	Z001_Z002_Z046_Z003_Z004_Z004_Z005_Z003_Z006_Z007_Z008_Z006_Z009_Z010	Av:0020	NA	NA	NA	NA	NA	NA	NA	NA	NA	NA
P593	FALSE	Z001_Z002_Z061_Z018_Z004_Z004_Z005_Z003_Z006_Z007_Z008_Z006_Z009_Z010	Av:0123	NA	NA	NA	NA	NA	NA	NA	NA	NA	NA
P594	FALSE	Z001_Z003_Z004_Z004_Z003_Z003_Z006_Z011_Z008_Z012_Z008_Z009	L15v:0155	NA	NA	NA	NA	NA	NA	NA	NA	NA	NA
P595	FALSE	Z001_Z004_Z004_Z005_Z003_Z006_Z007_Z008_Z006_Z009_Z010	Av:0008	NA	NA	NA	NA	NA	NA	NA	NA	NA	NA
P596	FALSE	Z001_Z006_Z007_Z008_Z006_Z009_Z010	Av:0019	NA	NA	NA	NA	NA	NA	NA	NA	NA	NA
P597	FALSE	Z001_Z044_Z003_Z006_Z007_Z008_Z006_Z009_Z010	Av:0124	NA	NA	NA	NA	NA	NA	NA	NA	NA	NA
P598	FALSE	Z001_Z044_Z003_Z006_Z011_Z008_Z012_Z008_Z009_Z010	Cv:0277	NA	NA	NA	NA	NA	NA	NA	NA	NA	NA
P599	FALSE	Z001_Z044_Z004_Z004_Z005_Z003_Z006_Z007_Z008_Z006_Z009_Z010	Av:0038	NA	NA	NA	NA	NA	NA	NA	NA	NA	NA
P600	FALSE	Z001_Z062_Z003_Z003_Z004_Z004_Z003_Z003_Z006_Z011_Z008_Z012_Z008_Z009	L15v:0131	NA	NA	NA	NA	NA	NA	NA	NA	NA	NA
P601	TRUE	Z001_Z002_Z003_Z004_Z003_Z003_Z006_Z007_Z008_Z006_Z009_Z010	NA	NA	NA	NA	chr5:23526974:DN.4	NA	NA	NA	NA	NA	NA
P602	TRUE	Z001_Z002_Z003_Z072_Z004_Z003_Z003_Z006_Z007_Z008_Z006_Z009_Z010	M1	NA	NA	NA	NA	NA	NA	NA	NA	NA	NA
P603	TRUE	Z001_Z002_Z003_Z018_Z004_Z005_Z003_Z006_Z007_Z008_Z006_Z009_Z010	M2	NA	NA	NA	NA	NA	NA	NA	NA	NA	NA
P604	TRUE	Z001_Z002_Z003_Z004_Z005_Z003_Z006_Z007_Z008_Z045_Z010	M3	NA	NA	NA	NA	NA	NA	NA	NA	NA	NA
P605	TRUE	Z001_Z002_Z003_Z004_Z004_Z073_Z003_Z006_Z007_Z008_Z006_Z009_Z010	M6	NA	NA	NA	NA	NA	NA	NA	NA	NA	NA
P606	TRUE	Z001_Z002_Z003_Z004_Z043_Z003_Z003_Z006_Z007_Z008_Z006_Z009_Z010	M7	NA	NA	NA	NA	NA	NA	NA	NA	NA	NA
P607	TRUE	Z001_Z002_Z003_Z004_Z004_Z003_Z003_Z006_Z007_Z074_Z006_Z009_Z010	M8	NA	NA	NA	NA	NA	NA	NA	NA	NA	NA
P608	TRUE	Z001_Z002_Z003_Z004_Z004_Z005_Z003_Z006_Z007_Z008_Z006_Z075_Z010	M9	NA	NA	NA	NA	NA	NA	NA	NA	NA	NA
P609	TRUE	Z001_Z002_Z003_Z004_Z004_Z005_Z003_Z006_Z007_Z011_Z017_Z010	M11	NA	NA	NA	NA	NA	NA	NA	NA	NA	NA
P610	TRUE	Z001_Z002_Z003_Z004_Z004_Z003_Z003_Z003_Z004_Z004_Z003_Z006_Z011_Z008_Z012_Z028_Z008_Z009_Z010	M12	NA	NA	NA	NA	NA	NA	NA	NA	NA	NA
P611	TRUE	Z001_Z002_Z043_Z004_Z004_Z003_Z003_Z003_Z006_Z011_Z008_Z012_Z015_Z009_Z010	M13	NA	NA	NA	NA	NA	NA	NA	NA	NA	NA
P612	TRUE	Z001_Z002_Z003_Z004_Z004_Z003_Z003_Z003_Z006_Z011_Z008_Z076_Z008_Z009_Z010	M14	NA	NA	NA	NA	NA	NA	NA	NA	NA	NA
P613	TRUE	Z001_Z002_Z003_Z004_Z004_Z043_Z004_Z004_Z043_Z043_Z003_Z006_Z007_Z008_Z006_Z009_Z010	M15	NA	NA	NA	NA	NA	NA	NA	NA	NA	NA
P614	TRUE	Z001_Z002_Z077_Z004_Z004_Z005_Z003_Z006_Z007_Z008_Z008_Z006_Z009_Z010	M16	NA	NA	NA	NA	NA	NA	NA	NA	NA	NA
P615	TRUE	Z001_Z002_Z003_Z004_Z004_Z004_Z003_Z003_Z006_Z007_Z008_Z006_Z010	M17	NA	NA	NA	NA	NA	NA	NA	NA	NA	NA
P616	TRUE	Z001_Z002_Z003_Z004_Z004_Z003_Z003_Z006_Z011_Z008_Z012_Z048_Z009_Z010	M18	NA	NA	NA	NA	NA	NA	NA	NA	NA	NA
P617	TRUE	Z001_Z002_Z003_Z004_Z004_Z005_Z003_Z068_Z007_Z008_Z006_Z009_Z010	M19	NA	NA	NA	NA	NA	NA	NA	NA	NA	NA
P618	TRUE	Z001_Z002_Z003_Z003_Z003_Z006_Z007_Z008_Z006_Z009_Z010	M20	NA	NA	NA	NA	NA	NA	NA	NA	NA	X5
P619	TRUE	Z001_Z002_Z003_Z004_Z004_Z005_Z003_Z004_Z005_Z003_Z006_Z007_Z008_Z008_Z006_Z009_Z010	M21	NA	NA	NA	NA	NA	NA	NA	NA	NA	NA
P620	TRUE	Z001_Z002_Z003_Z072_Z078_Z003_Z003_Z006_Z007_Z008_Z006_Z009_Z010	M22	NA	NA	NA	NA	NA	NA	NA	NA	NA	X14
P621	TRUE	Z001_Z002_Z003_Z004_Z004_Z079_Z003_Z006_Z007_Z008_Z006_Z009_Z010	M23	NA	NA	NA	NA	NA	NA	NA	NA	NA	NA
P622	TRUE	Z001_Z002_Z003_Z004_Z004_Z005_Z003_Z006_Z007_Z008_Z006_Z009_Z080	M24	NA	NA	NA	NA	NA	NA	NA	NA	NA	NA
P623	TRUE	Z001_Z002_Z003_Z004_Z004_Z003_Z003_Z006_Z048_Z008_Z008_Z009_Z010	M25	NA	NA	NA	NA	NA	NA	NA	NA	NA	NA
P624	TRUE	Z001_Z002_Z003_Z081_Z004_Z005_Z003_Z006_Z007_Z008_Z006_Z009_Z010	M26	NA	NA	NA	NA	NA	NA	NA	NA	NA	NA
P625	TRUE	Z001_Z002_Z003_Z004_Z004_Z005_Z082_Z006_Z007_Z008_Z006_Z009_Z010	M27	NA	NA	NA	NA	NA	NA	NA	NA	NA	NA
P626	TRUE	Z001_Z002_Z003_Z004_Z004_Z005_Z003_Z006_Z011_Z008_Z012_Z015_Z009_Z010	M28	NA	NA	NA	NA	NA	NA	NA	NA	NA	NA
P627	TRUE	Z001_Z002_Z003_Z004_Z004_Z003_Z003_Z006_Z048_Z008_Z012_Z008_Z009_Z010	M29	NA	NA	NA	NA	NA	NA	NA	NA	NA	NA
P628	TRUE	Z001_Z083_Z003_Z004_Z004_Z005_Z003_Z006_Z007_Z011_Z006_Z017_Z010	M30	NA	NA	NA	NA	NA	NA	NA	NA	NA	NA
P629	TRUE	Z001_Z002_Z003_Z004_Z004_Z003_Z003_Z006_Z007_Z008_Z006_Z063_Z009_Z010	M31	NA	NA	NA	NA	NA	NA	NA	NA	NA	NA
P630	TRUE	Z001_Z002_Z003_Z043_Z004_Z005_Z003_Z006_Z007_Z008_Z006_Z009_Z010	M32	NA	NA	NA	NA	NA	NA	NA	NA	NA	NA
P631	TRUE	Z001_Z002_Z002_Z003_Z004_Z004_Z003_Z003_Z006_Z011_Z008_Z003_Z008_Z009_Z010	NA	NA	NA	NA	NA	NA	NA	NA	NA	NA	X1
P632	TRUE	Z001_Z002_Z003_Z072_Z004_Z003_Z003_Z006_Z007_Z008_Z006_Z009_Z010_Z010	NA	NA	NA	NA	NA	NA	NA	NA	NA	NA	X2
P633	TRUE	Z001_Z002_Z003_Z004_Z004_Z003_Z003_Z006_Z007_Z008_Z008_Z006_Z009_Z010	NA	NA	NA	NA	NA	NA	NA	NA	NA	NA	X3
P634	TRUE	Z001_Z002_Z004_Z004_Z003_Z003_Z006_Z007_Z008_Z006_Z009_Z010	NA	NA	NA	NA	NA	NA	NA	NA	NA	NA	X4
P635	TRUE	Z001_Z002_Z003_Z004_Z004_Z005_Z005_Z093_Z007_Z008_Z008_Z006_Z009_Z010	NA	NA	NA	NA	NA	NA	NA	NA	NA	NA	X6
P636	TRUE	Z001_Z002_Z003_Z043_Z003_Z094_Z004_Z005_Z003_Z006_Z007_Z008_Z006_Z009_Z010	NA	NA	NA	NA	NA	NA	NA	NA	NA	NA	X7
P637	TRUE	Z001_Z002_Z003_Z004_Z018_Z003_Z006_Z007_Z008_Z006_Z009_Z010	NA	NA	NA	NA	NA	NA	NA	NA	NA	NA	X9
P638	TRUE	Z001_Z002_Z003_Z004_Z004_Z003_Z006_Z011_Z008_Z012_Z095_Z009_Z010	NA	NA	NA	NA	NA	NA	NA	NA	NA	NA	X10
P639	TRUE	Z001_Z096_Z003_Z004_Z018_Z003_Z097_Z007_Z011_Z048_Z008_Z006_Z009_Z010	NA	NA	NA	NA	NA	NA	NA	NA	NA	NA	X11
P640	TRUE	Z001_Z002_Z003_Z004_Z004_Z003_Z038_Z006_Z007_Z008_Z006_Z009_Z010	NA	NA	NA	NA	NA	NA	NA	NA	NA	NA	UP.005
P641	TRUE	Z001_Z002_Z003_Z004_Z098_Z003_Z003_Z006_Z007_Z008_Z006_Z009_Z010	NA	NA	NA	NA	NA	NA	NA	NA	NA	NA	UP.006
P642	TRUE	Z001_Z002_Z003_Z004_Z004_Z099_Z003_Z006_Z007_Z008_Z006_Z009_Z010	NA	NA	NA	NA	NA	NA	NA	NA	NA	NA	UP.007
