StandardName	Sequence	Alleva.2021	Berg.2010	Berg.2011	Borel.2012	Hussin.2013	Jeffreys.2013	Oliver.2009
z001	TGTGGACAAGGTTTCAGTGTTAAATCAGATGTTATTACACACCAAAGGACACATACAGGGGAGAAGCTCTACGTCTGCAGGGAG	:A	A	A	A	a	A	NA
z002	TGTGGGCGGGGCTTTAGCTGGAAGTCACACCTCCTCATTCACCAGAGGATACACACAGGGGAGAAGCCCTATGTCTGCAGGGAG	:B	B	B	B	b	B	homo_sapiens__03
z003	TGTGGGCGGGGCTTTAGCTGGCAGTCAGTCCTCCTCACTCACCAGAGGACACACACAGGGGAGAAGCCCTATGTCTGCAGGGAG	:C	C	C	C	c	C	homo_sapiens__04
z004	TGTGGGCGGGGCTTTAGCCGGCAGTCAGTCCTCCTCACTCACCAGAGGAGACACACAGGGGAGAAGCCCTATGTCTGCAGGGAG	:D	D	D	D	d	D	homo_sapiens__05
z005	TGTGGGCGGGGCTTTAGCTGGCAGTCAGTCCTCCTCAGTCACCAGAGGACACACACAGGGGAGAAGCCCTATGTCTGCAGGGAG	:E	E	E	E	e	E	homo_sapiens__07
z006	TGTGGGCGGGGCTTTAGCAATAAGTCACACCTCCTCAGACACCAGAGGACACACACAGGGGAGAAGCCCTATGTCTGCAGGGAG	:F	F	F	F	f	F	homo_sapiens__09
z007	TGTGGGCGGGGCTTTCGCGATAAGTCACACCTCCTCAGACACCAGAGGACACACACAGGGGAGAAGCCCTATGTCTGCAGGGAG	:G	G	G	G	g	G	homo_sapiens__10
z008	TGTGGGCGGGGCTTTAGAGATAAGTCAAACCTCCTCAGTCACCAGAGGACACACACAGGGGAGAAGCCCTATGTCTGCAGGGAG	:H	H	H	H	h	H	homo_sapiens__11
z009	TGTGGGCGGGGCTTTCGCAATAAGTCACACCTCCTCAGACACCAGAGGACACACACAGGGGAGAAGCCCTACGTCTGCAGGGAG	:I	I	I	I	i	I	homo_sapiens__13
z010	TGTGGGCGGGGCTTTAGCGATAGGTCAAGCCTCTGCTATCACCAGAGGACACACACAGGGGAGAAGCCCTACGTCTGCAGGGAG	:J	J	J	J	j	J	homo_sapiens__14
z011	TGTGGGCGGGGCTTTAGAGATAAGTCACACCTCCTCAGTCACCAGAGGACACACACAGGGGAGAAGCCCTATGTCTGCAGGGAG	:K	K	K	K	k	K	NA
z012	TGTGGGCGGGGCTTTAGCTGGCAGTCAGTCCTCCTCAGACACCAGAGGACACACACAGGGGAGAAGCCCTATGTCTGCAGGGAG	:L	L	L	L	l	L	NA
z013	TGTGGGCGGGGCTTTAGAGATAAGTCACACCTCCTCAGACACCAGAGGACACACACAGGGGAGAAGCCCTACGTCTGCAGGGAG	:M	M	NA	M	m	NA	NA
z014	TGTGGGCGGGGCTTTAGCCGGCAGTCAGTCCTCCTCAGTCACCAGAGGACACACACAGGGGAGAAGCCCTATGTCTGCAGGGAG	:N	N	NA	NA	n	NA	NA
z015	TGTGGGCGGGGCTTTAGAGATAAGTCAAACCTCCTCAGTCACCAGAGGACACACACAGGGGACAAGCCCTATGTCTGCAGGGAG	:O	O	O	NA	o	O	NA
z016	TGTGGGCGGGGCTTTAGAGATGAGTCAAACCTCCTCAGTCACCAGAGGACACACACAGGGGAGAAGCCCTATGTCTGCAGGGAG	:P	P	P	NA	p	P	NA
z017	TGTGGGCGGGGCTTTCGCAATAAGTCACACCTCCTCAGACACCAGAGGACACACACAGGGGAGAAGCCCTATGTCTGCAGGGAG	:Q	Q	Q	Q	q	Q	NA
z018	TGTGGGCGGGGCTTTAGCCGGCAGTCAGTCCTCCTCACTCACCAGAGGACACACACAGGGGAGAAGCCCTATGTCTGCAGGGAG	:R	R	R	NA	r	R	NA
z019	TGTAGGCGGGGCTTTAGCTGGCAGTCAGTCCTCCTCACTCACCAGAGGACACACACAGGGGAGAAGCCCTATGTCTGCAGGGAG	:S	S	S	NA	s	NA	NA
z020	TGTGGGCGGGGCTTTCGCGATAAGTCACACCTCCTCAGACACCAGAGGACACACACAGGGGAGAAGCCCTATGTTTGCAGGGAG	:T	T	T	NA	t	T	NA
z021	TGTGGGCGGGGCTTTAGCGATAAGTCACACCTCCTCAGACACCAGAGGACACACACAGGGGAGAAGCCCTATGTCTGCAGGGAG	:U	NA	U	NA	NA	U	NA
z022	TGTGGGCGGGGCTTTAGCTGGCAGTCAGTCCTCCTCAGTCACCAGAGGACACACACAGGGAAGAAGCCCTATGTCTGCAGGGAG	:V	NA	V	NA	NA	V	NA
z023	TGTGGGCGGGGCTTTAGCTGGCAGTCACACCTCCTCACTCACCAGAGGACACACACAGGGGAGAAGCCCTATGTCTGCAGGGAG	|I	NA	NA	NA	NA	:	NA
z024	TGTGGGCGGGGCTTTAGCAATAAGTCACACCTCCTCAGACACCAGAGGACACACACAGGGGACAAGCCCTATGTCTGCAGGGAG	|A	NA	NA	NA	NA	!	NA
z025	TGTGGGCGGGGCTTTAGAGATAGGTCAAGCCTCTGCTATCACCAGAGGACACACACAGGGGAGAAGCCCTATGTCTGCAGGGAG	|G	NA	NA	NA	NA	§	NA
z026	TGTGGGCGGGGCTTTCGCAATAAGTCACACCTCCTCAGACACCAGAGGACACACACAGGGGACAAGCCCTATGTCTGCAGGGAG	|B	NA	NA	NA	NA	@	NA
z027	TGTGGGCGGGGCTTTCGCAATAAGTCACACCTCCTCAGACACCAGAGGATACACACAGGGGAGAAGCCCTATGTCTGCAGGGAG	|H	NA	NA	NA	NA	*	NA
z028	TGTGGGCGGGGCTTTAGCCGGCAGTCAGTCCTCCTCAGACACCAGAGGACACACACAGGGGAGAAGCCCTATGTCTGCAGGGAG	|F	NA	NA	NA	NA	&	NA
z029	TGTGGGCGGGGCTTTCGCAATAAGTCACACCTCCTCAGTCACCAGAGGACACACACAGGGGACAAGCCCTATGTCTGCAGGGAG	|E	NA	NA	NA	NA	%	NA
z030	TGTGGGCGGGGCTTTAGCTGGCAGTCAGTCCTCCTCATTCACCAGAGGACACACACAGGGGAGAAGCCCTATGTCTGCAGGGAG	|J	NA	NA	NA	NA	±	NA
z031	TGTGGGCGGGGCTTTAGCTGGCAGTCAGTCCTCCTCAGACACCAGAGGAGACACACAGGGGAGAAGCCCTATGTCTGCAGGGAG	|D	NA	NA	NA	NA	$	NA
z032	TGTGGGCGGGGCTTTAGAGATAAGTCAAACCTCCTCAGACACCAGAGGACACACACAGGGGACAAGCCCTATGTCTGCAGGGAG	|C	NA	NA	NA	NA	£	NA
z033	TGTGGACAAGGTTTCAGTGTTAAATCAGATGTTATTACACACCAAAGGACACATACAGGGGAGAAGCCCTATGTCTGCAGGGAG	|1	NA	NA	NA	NA	1	NA
z034	TGTGGGCGGGGCTTTAGAGATAAGTCAAACCTCCTCACTCACCAGAGGACACACACAGGGGAGAAGCCCTATGTCTGCAGGGAG	|2	NA	NA	NA	NA	2	NA
z035	TGTGGGCGGGGCTTTAGCCGGCAGTCAGTCCTCCTCACTCACCAGAGGAGACATACAGGGGAGAAGCCCTATGTCTGCAGGGAG	|3	NA	NA	NA	NA	3	NA
z036	TGTGGGCGGGGCTTTAGAGATAAGTCACACCTCCTCACTCACCAGAGGACACACACAGGGGAGAAGCCCTATGTCTGCAGGGAG	|4	NA	NA	NA	NA	4	NA
z037	TGTGGGCGGGGCTTTAGCAATAAGTCACACCTCCTCATTCACCAGAGGACACACACAGGGGAGAAGCCCTATGTCTGCAGGGAG	|5	NA	NA	NA	NA	5	NA
z038	TGTGGGCGGGGCTTTAGCTGGCAGTCAGTCCTCCTCACTCACCAGAGGACACACACAGGGGACAAGCCCTATGTCTGCAGGGAG	|6	NA	NA	NA	NA	6	NA
z039	TGTGGGCGGGGCTTTAGAGATAAGTCACACCTCCTCAGTCACCAGAGGACACACACAGGGGACAAGCCCTATGTCTGCAGGGAG	|7	NA	NA	NA	NA	7	NA
z040	TGTGGGCGGGGCTTTAGAGATAGGTCAAGCCTCTGCTATCACCAGAGGACACACACAGGGGAGAAGCCCTACGTCTGCAGGGAG	|8	NA	NA	NA	NA	8	NA
z041	TGTGGGCGGGGCTTTAGCGATAGGTCAAGCCTCTGCTATCACCAGAGGACACACACAGGGGACAAGCCCTATGTCTGCAGGGAG	|9	NA	NA	NA	NA	9	NA
z042	TGTGGGCGGGGCTTTCGCGATAAGTCACACCTCCTCAGACACCAGAGGACACACACAGGGGAGAAGCCCTACGTCTGCAGGGAG	|a	NA	NA	NA	NA	a	NA
z043	TGTGGGCGGGGCTTTAGCTGGCAGTCAGTCCTCCTCACTCACCAGAGGAGACACACAGGGGAGAAGCCCTATGTCTGCAGGGAG	|b	NA	NA	NA	NA	b	NA
z044	TGTGGGCGGGGCTTTAGCTGGAAGTCACACCTCCTCATTCACCAGAGGACACACACAGGGGAGAAGCCCTATGTCTGCAGGGAG	|c	NA	NA	NA	NA	c	NA
z045	TGTGGGCGGGGCTTTAGCAATAAGTCACACCTCCTCAGACACCAGAGGACACACACAGGGGAGAAGCCCTACGTCTGCAGGGAG	|d	NA	NA	NA	NA	d	NA
z046	TGTGGGCGGGGCTTTAGCCGGCAGTCAGTCCTCCTCATTCACCAGAGGATACACACAGGGGAGAAGCCCTATGTCTGCAGGGAG	|e	NA	NA	NA	NA	e	NA
z047	TGTGGGCGGGGCTTTAGCTGGCAGTCAGTCCTCCTCAGTCACCAGAGGAGACACACAGGGGAGAAGCCCTATGTCTGCAGGGAG	|f	NA	NA	NA	NA	f	NA
z048	TGTGGGCGGGGCTTTAGAGATAAGTCACACCTCCTCAGACACCAGAGGACACACACAGGGGAGAAGCCCTATGTCTGCAGGGAG	|g	NA	NA	NA	NA	g	NA
z049	TGTGGGCGGGGCTTTAGCAATAAGTCACACCTCCTCAGTCACCAGAGGACACACACAGGGGAGAAGCCCTATGTCTGCAGGGAG	|h	NA	NA	NA	NA	h	NA
z050	TGTGGGCGGGGCTTTAGCTGGCAGTCAGTCCTCCTCATTCACCAGAGGATACACACAGGGGAGAAGCCCTATGTCTGCAGGGAG	|i	NA	NA	NA	NA	i	NA
z051	TGTGGGCGGGGCTTTAGCCGGCAGTCAGTCCTCCTCACTCACCAGAGGATACACACAGGGGAGAAGCCCTATGTCTGCAGGGAG	|j	NA	NA	NA	NA	j	NA
z052	TGTGGGCGGGGCTTTAGAGATAAGTCAAACCTCCTCAGACACCAGAGGACACACACAGGGGAGAAGCCCTATGTCTGCAGGGAG	|k	NA	NA	NA	NA	k	NA
z053	TGTGGGCGGGGCTTTAGCTGGCAGTCAGTCCTCCTCACTCACCAGAGGATACACACAGGGGAGAAGCCCTATGTCTGCAGGGAG	|l	NA	NA	NA	NA	l	NA
z054	TGTGGGCGGGGCTTTAGCAATAAGTCACACCTCCTCAGACACCAGAGGACACACACAGGGGAGAAGCCCTATGTTTGCAGGGAG	|m	NA	NA	NA	NA	m	NA
z055	TGTGGGCGGGGCTTTAGCCGGCAGTCAGTCCTCCTCAGTCACCAGAGGATACACACAGGGGAGAAGCCCTATGTCTGCAGGGAG	|n	NA	NA	NA	NA	n	NA
z056	TGTGGGCGGGGCTTTAGAGATAAGTCAAACCTCCTCAGACACCAGAGGACACACACAGGGGAGAAGCCCTATGTTTGCAGGGAG	|o	NA	NA	NA	NA	o	NA
z057	TGTGGGCGGGGCTTTAGCTGGCAGTCAGTCCTCCTCACTCACCAGAGGACACACACAGGGGAGAAGCCCTACGTCTGCAGGGAG	|p	NA	NA	NA	NA	p	NA
z058	TGTGGGCGGGGCTTTAGAGATAAGTCAAACCTCCTCAGTCACCAGAGGACACACACAGGGGAGAAGCCCTACGTCTGCAGGGAG	|q	NA	NA	NA	NA	q	NA
z059	TGTGGGCGGGGCTTTAGCTGGCAGTCAGTCCTCCTCAGACACCAGAGGACACACACAGGGGAGAAGCCCTACGTCTGCAGGGAG	|r	NA	NA	NA	NA	r	NA
z060	TGTGGGCGGGGCTTTCGCGATAAGTCACACCTCCTCAGTCACCAGAGGACACACACAGGGGAGAAGCCCTATGTCTGCAGGGAG	|s	NA	NA	NA	NA	s	NA
z061	TGTGGGCGGGGCTTTAGCTGGCAGTCAGTCCTCCTCAGTCACCAGAGGATACACACAGGGGAGAAGCCCTATGTCTGCAGGGAG	|t	NA	NA	NA	NA	t	NA
z062	TGTGGGCGGGGCTTTAGCTGGAAGTCACACCTCCTCACTCACCAGAGGACACACACAGGGGAGAAGCCCTATGTCTGCAGGGAG	|u	NA	NA	NA	NA	u	NA
z063	TGTGGGCGGGGCTTTCGCAATAAGTCACACCTCCTCAGTCACCAGAGGACACACACAGGGGAGAAGCCCTATGTCTGCAGGGAG	|v	NA	NA	NA	NA	v	NA
z064	TGTGGGCGGGGCTTTAGCGATAGGTCACACCTCCTCAGTCACCAGAGGACACACACAGGGGAGAAGCCCTATGTCTGCAGGGAG	|w	NA	NA	NA	NA	w	NA
z065	TGTGGGCGGGGCTTTAGCGATAGGTCAAGCCTCTGCTATCACCAGAGGACACACACAGGGGAGAAGCCCTATGTCTGCAGGGAG	|x	NA	NA	NA	NA	x	NA
z066	TGTGGGCGGGGCTTTAGAGATAAGTCAAACCTCCTCAGTCACCAGAGGAGACACACAGGGGAGAAGCCCTATGTCTGCAGGGAG	|y	NA	NA	NA	NA	y	NA
z067	TGTGGGCGGGGCTTTCGCGATAAGTCACACCTCCTCATTCACCAGAGGATACACACAGGGGAGAAGCCCTATGTCTGCAGGGAG	|z	NA	NA	NA	NA	z	NA
z068	TGTGGGCGGGGCTTTAGCAATAAGTCACACCTCCTCAGACACCAGAGGACACACACAGGGAAGAAGCCCTATGTCTGCAGGGAG	!H	NA	NA	NA	u	NA	NA
z069	TGTGGGCGGGGCTTTAGCCGGCAGTCAGTCCTCCTCACTCACCAGAGGAGACACACAGGGGAGAAGCCCTTTGTCTGCAGGGAG	!B	NA	NA	NA	v	NA	NA
z070	TGTGGGCGGGGCTTTCTCAATAAGTCACACCTCCTCAGACACCAGAGGACACACACAGGGGAGAAGCCCTACGTCTGCAGGGAG	NA	NA	NA	NA	w	NA	NA
z071	TGTGGGCGGGGCTTTAGCAATAAGTCACACCTCCTCAGACACCAGAGGACACACACAGGGGAGAAACCCTATGTCTGCAGGGAG	NA	NA	NA	NA	x	NA	NA
z072	TGTGGGCGGGGCTTTAGCCGGCAGTCTGTCCTCCTCACTCACCAGAGGAGACACACAGGGGAGAAGCCCTATGTCTGCAGGGAG	!A	NA	NA	NA	NA	NA	NA
z073	TGTGGGCGGGGTTTTAGCTGGCAGTCAGTCCTCCTCAGTCACCAGAGGACACACACAGGGGAGAAGCCCTATGTCTGCAGGGAG	!C	NA	NA	NA	NA	NA	NA
z074	TGTGGGCGGGGCTTTAGAGATAAGTCAAACGTCCTCAGTCACCAGAGGACACACACAGGGGAGAAGCCCTATGTCTGCAGGGAG	!D	NA	NA	NA	NA	NA	NA
z075	TGTGGGCGGGGCTTTCGCAATAAGTCACACCTCCTCAGACACCAGAGTACACACACAGGGGAGAAGCCCTACGTCTGCAGGGAG	!E	NA	NA	NA	NA	NA	NA
z076	TGTGGGCGGGGCTTTAGCTGGCAGTCAGTCCTCCTCAGACACCAGAGGACACACACAGGGTAGAAGCCCTATGTCTGCAGGGAG	!F	NA	NA	NA	NA	NA	NA
z077	TGCGGGCGGGGCTTTAGCTGGCAGTCAGTCCTCCTCACTCACCAGAGGACACACACAGGGGAGAAGCCCTATGTCTGCAGGGAG	!G	NA	NA	NA	NA	NA	NA
z078	TGTGGGCGGGGCTTTAGCCGGCAGTCAGTCCTCCATACTCACCAGAGGAGACACACAGGGGAGAAGCCCTATGTCTGCAGGGAG	!I	NA	NA	NA	NA	NA	NA
z079	TGTGGGCGGGGCTTTAGCTGGCAGTCAGTCCTCCTCAGTCACCAGAGGACACACACAGCGGAGAAGCCCTATGTCTGCAGGGAG	!J	NA	NA	NA	NA	NA	NA
z080	TGTGGGCGGGGCTTTAGCGATAGGTCAAGCCTCTGCTATCACCTGAGGACACACACAGGGGAGAAGCCCTACGTCTGCAGGGAG	!K	NA	NA	NA	NA	NA	NA
z081	TGTGGGCGGGGCTTTAGCTGGAAGTCACACCTCCTCATTCACCAGAGGAGACACACAGGGGAGAAGCCCTATGTCTGCAGGGAG	!L	NA	NA	NA	NA	NA	NA
z082	TGTGGGCGGGGCTTTAGCTGGCAGTCAGTCCTCCTCACTCACCAGAGGACACACACAGGGGAGAAGCCTTATGTCTGCAGGGAG	!M	NA	NA	NA	NA	NA	NA
z083	TGTGGGCGGGGCTTTAGCTGGAAGTCACACCTCCTCATTCACCAGAGGATACACATAGGGGAGAAGCCCTATGTCTGCAGGGAG	!N	NA	NA	NA	NA	NA	NA
