StandardName	StandardZnfContent	alleva.2021	berg.2010	berg.2011	borel.2012	hussin.2013	jeffreys.2013	ponting.2011
PR001	ZN001_ZN002_ZN003_ZN004_ZN004_ZN005_ZN003_ZN006_ZN007_ZN008_ZN006_ZN009_ZN010	A	A	A	A	NA	Jeffreys306	A
PR002	ZN001_ZN002_ZN003_ZN004_ZN004_ZN003_ZN003_ZN006_ZN007_ZN008_ZN006_ZN009_ZN010	B	B	B	B	NA	NA	B
PR003	ZN001_ZN002_ZN003_ZN004_ZN004_ZN003_ZN003_ZN006_ZN011_ZN008_ZN012_ZN008_ZN009_ZN010	C	C	C	C	NA	Jeffreys123	C
PR004	ZN001_ZN002_ZN003_ZN004_ZN004_ZN005_ZN003_ZN006_ZN011_ZN007_ZN008_ZN006_ZN009_ZN010	D	D	D	D	NA	Jeffreys394	D
PR005	ZN001_ZN002_ZN003_ZN004_ZN008_ZN006_ZN009_ZN010	E	E	E	E	NA	Jeffreys500	E
PR006	ZN001_ZN002_ZN003_ZN004_ZN007_ZN008_ZN006_ZN009_ZN010	L1	L1	L1	L1	NA	Jeffreys499	L1
PR007	ZN001_ZN003_ZN004_ZN004_ZN005_ZN003_ZN006_ZN007_ZN008_ZN006_ZN009_ZN010	L10	L10	L10	NA	NA	Jeffreys557	L10
PR008	ZN001_ZN002_ZN003_ZN004_ZN004_ZN005_ZN003_ZN006_ZN007_ZN008_ZN009_ZN010	L11	L11	L11	NA	NA	Jeffreys338	L11
PR009	ZN001_ZN002_ZN003_ZN004_ZN004_ZN003_ZN003_ZN003_ZN006_ZN007_ZN008_ZN006_ZN010	L12	L12	L12	NA	NA	Jeffreys040	L12
PR010	ZN001_ZN002_ZN003_ZN004_ZN004_ZN005_ZN003_ZN006_ZN007_ZN008_ZN017_ZN009_ZN010	L13	L13	L13	NA	NA	NA	L13
PR011	ZN001_ZN002_ZN003_ZN004_ZN004_ZN003_ZN003_ZN006_ZN011_ZN008_ZN012_ZN015_ZN009_ZN010	L14	L14	L14	NA	NA	Jeffreys165	L14
PR012	ZN001_ZN002_ZN003_ZN004_ZN004_ZN003_ZN003_ZN006_ZN011_ZN008_ZN012_ZN008_ZN009	L15	L15	L15	NA	NA	Jeffreys120	L15
PR013	ZN001_ZN002_ZN003_ZN004_ZN018_ZN003_ZN006_ZN011_ZN008_ZN012_ZN008_ZN009_ZN010	L16	L16	L16	NA	NA	Jeffreys512	L16
PR014	ZN001_ZN002_ZN003_ZN004_ZN004_ZN011_ZN003_ZN003_ZN006_ZN011_ZN008_ZN012_ZN008_ZN009_ZN010	L17	L17	L17	NA	NA	NA	L17
PR015	ZN001_ZN002_ZN004_ZN004_ZN019_ZN003_ZN006_ZN011_ZN008_ZN012_ZN015_ZN009_ZN010	L18	L18	L18	NA	NA	NA	L18
PR016	ZN001_ZN002_ZN003_ZN004_ZN004_ZN003_ZN003_ZN006_ZN011_ZN008_ZN012_ZN008_ZN017_ZN009_ZN010	L19	L19	L19	L19	NA	Jeffreys139	L19
PR017	ZN001_ZN002_ZN003_ZN004_ZN004_ZN003_ZN006_ZN007_ZN008_ZN006_ZN009_ZN010	L2	L2	L2	NA	NA	Jeffreys222	L2
PR018	ZN001_ZN002_ZN003_ZN004_ZN004_ZN005_ZN003_ZN006_ZN007_ZN011_ZN006_ZN017_ZN010	L20	L20	L20	NA	NA	Jeffreys353	L20
PR019	ZN001_ZN002_ZN003_ZN004_ZN004_ZN005_ZN005_ZN003_ZN006_ZN007_ZN008_ZN006_ZN009_ZN010	L21	L21	L21	NA	NA	Jeffreys454	L21
PR020	ZN001_ZN002_ZN003_ZN004_ZN004_ZN005_ZN003_ZN006_ZN007_ZN008_ZN008_ZN006_ZN009_ZN010	L22	L22	L22	NA	NA	Jeffreys334	L22
PR021	ZN001_ZN002_ZN003_ZN004_ZN004_ZN005_ZN003_ZN006_ZN006_ZN008_ZN006_ZN017_ZN010	L23	L23	L23	NA	NA	NA	L23
PR022	ZN001_ZN002_ZN003_ZN004_ZN004_ZN005_ZN003_ZN006_ZN020_ZN016_ZN006_ZN017_ZN010	L24	L24	L24	NA	NA	Jeffreys429	NA
PR023	ZN001_ZN002_ZN003_ZN004_ZN005_ZN003_ZN006_ZN007_ZN008_ZN006_ZN009_ZN010	L3	L3	L3	NA	NA	Jeffreys495	L3
PR024	ZN001_ZN002_ZN003_ZN004_ZN004_ZN003_ZN003_ZN003_ZN004_ZN004_ZN003_ZN006_ZN011_ZN008_ZN012_ZN008_ZN009_ZN010	L4	L4	L4	NA	NA	NA	L4
PR025	ZN001_ZN002_ZN003_ZN004_ZN004_ZN005_ZN003_ZN006_ZN009_ZN010	L5	L5	L5	NA	NA	Jeffreys370	L5
PR026	ZN001_ZN002_ZN003_ZN004_ZN004_ZN003_ZN003_ZN003_ZN006_ZN011_ZN008_ZN012_ZN015_ZN009_ZN010	L6	L6	L6	NA	NA	Jeffreys050	L6
PR027	ZN001_ZN002_ZN003_ZN004_ZN004_ZN003_ZN003_ZN006_ZN007_ZN008_ZN006_ZN010	L7	L7	L7	NA	NA	NA	L7
PR028	ZN001_ZN002_ZN003_ZN004_ZN004_ZN005_ZN003_ZN003_ZN006_ZN011_ZN008_ZN012_ZN008_ZN009_ZN010	L8	L8	L8	NA	NA	NA	L8
PR029	ZN001_ZN002_ZN003_ZN004_ZN004_ZN005_ZN003_ZN006_ZN007_ZN016_ZN006_ZN017_ZN010	L9	L9	L9	NA	NA	NA	L9
PR030	ZN001_ZN002_ZN003_ZN004_ZN004_ZN005_ZN003_ZN006_ZN021_ZN008_ZN006_ZN009_ZN010	M4	NA	L25	NA	NA	NA	NA
PR031	ZN001_ZN002_ZN003_ZN004_ZN004_ZN005_ZN003_ZN006_ZN007_ZN008_ZN006_ZN017_ZN010	M10	NA	L26	NA	L37	NA	NA
PR032	ZN001_ZN002_ZN003_ZN004_ZN004_ZN022_ZN003_ZN006_ZN007_ZN008_ZN006_ZN009_ZN010	L27	NA	L27	NA	NA	Jeffreys482	NA
PR033	ZN001_ZN002_ZN003_ZN004_ZN004_ZN005_ZN003_ZN003_ZN006_ZN013_ZN010	baudat_F	NA	NA	F	NA	NA	NA
PR034	ZN001_ZN002_ZN003_ZN003_ZN004_ZN003_ZN003_ZN006_ZN011_ZN008_ZN012_ZN008_ZN008_ZN008_ZN009_ZN010	NA	NA	NA	I	NA	NA	NA
PR035	ZN001_ZN002_ZN003_ZN004_ZN007_ZN008_ZN006_ZN009_ZN007_ZN008_ZN006_ZN009_ZN010	NA	NA	NA	L28	NA	NA	NA
PR036	ZN001_ZN002_ZN003_ZN004_ZN005_ZN003_ZN004_ZN003_ZN003_ZN006_ZN007_ZN008_ZN006_ZN009_ZN010	NA	NA	NA	L29	NA	NA	NA
PR037	ZN001_ZN002_ZN003_ZN004_ZN004_ZN008_ZN003_ZN006_ZN011_ZN008_ZN012_ZN008_ZN009_ZN010	NA	NA	NA	L30	NA	NA	NA
PR038	ZN001_ZN002_ZN005_ZN003_ZN006_ZN007_ZN008_ZN006_ZN009_ZN010	Av:0128	NA	NA	L31	NA	Jeffreys549	NA
PR039	ZN001_ZN002_ZN003_ZN004_ZN004_ZN004_ZN005_ZN003_ZN006_ZN007_ZN008_ZN006_ZN009_ZN010	Av:0024	NA	NA	NA	L33	Jeffreys245	NA
PR040	ZN001_ZN002_ZN003_ZN024_ZN004_ZN005_ZN003_ZN006_ZN007_ZN008_ZN006_ZN009_ZN010	M5	NA	NA	NA	L32	NA	NA
PR041	ZN001_ZN002_ZN003_ZN004_ZN004_ZN005_ZN003_ZN006_ZN007_ZN008_ZN006_ZN025_ZN010	NA	NA	NA	NA	L34	NA	NA
PR042	ZN001_ZN002_ZN003_ZN004_ZN004_ZN005_ZN003_ZN026_ZN007_ZN008_ZN006_ZN009_ZN010	NA	NA	NA	NA	L35	NA	NA
PR043	ZN001_ZN002_ZN018_ZN004_ZN004_ZN005_ZN003_ZN006_ZN007_ZN008_ZN006_ZN009_ZN010	NA	NA	NA	NA	L36	NA	NA
PR044	ZN001_ZN002_ZN003_ZN004_ZN004_ZN005_ZN003_ZN023_ZN007_ZN008_ZN006_ZN017_ZN010	NA	NA	NA	NA	L38	NA	NA
PR045	ZN001_ZN002_ZN003_ZN004_ZN014_ZN003_ZN006_ZN007_ZN007_ZN008_ZN006_ZN009_ZN010	baudat_H	NA	NA	NA	NA	NA	NA
PR046	ZN001_ZN002_ZN003_ZN004_ZN004_ZN003_ZN003_ZN006_ZN011_ZN008_ZN012_ZN008_ZN008_ZN008_ZN009_ZN010	baudat_I	NA	NA	NA	NA	NA	NA
PR047	ZN001_ZN002_ZN003_ZN027_ZN004_ZN003_ZN003_ZN006_ZN007_ZN008_ZN006_ZN009_ZN010	M1	NA	NA	NA	NA	NA	NA
PR048	ZN001_ZN002_ZN003_ZN004_ZN004_ZN005_ZN003_ZN006_ZN007_ZN011_ZN017_ZN010	M11	NA	NA	NA	NA	NA	NA
PR049	ZN001_ZN002_ZN003_ZN004_ZN004_ZN003_ZN003_ZN003_ZN004_ZN004_ZN003_ZN006_ZN011_ZN008_ZN012_zn041_ZN008_ZN009_ZN010	M12	NA	NA	NA	NA	NA	NA
PR050	ZN001_ZN002_zn002_ZN004_ZN004_ZN003_ZN003_ZN003_ZN006_ZN011_ZN008_ZN012_ZN015_ZN009_ZN010	M13	NA	NA	NA	NA	NA	NA
PR051	ZN001_ZN002_ZN003_ZN004_ZN004_ZN003_ZN003_ZN003_ZN006_ZN011_ZN008_ZN031_ZN008_ZN009_ZN010	M14	NA	NA	NA	NA	NA	NA
PR052	ZN001_ZN002_ZN003_ZN004_ZN004_zn002_ZN004_ZN004_zn002_zn002_ZN003_ZN006_ZN007_ZN008_ZN006_ZN009_ZN010	M15	NA	NA	NA	NA	NA	NA
PR053	ZN001_ZN002_ZN032_ZN004_ZN004_ZN005_ZN003_ZN006_ZN007_ZN008_ZN008_ZN006_ZN009_ZN010	M16	NA	NA	NA	NA	NA	NA
PR054	ZN001_ZN002_ZN003_ZN004_ZN004_ZN004_ZN003_ZN003_ZN006_ZN007_ZN008_ZN006_ZN010	M17	NA	NA	NA	NA	NA	NA
PR055	ZN001_ZN002_ZN003_ZN004_ZN004_ZN003_ZN003_ZN006_ZN011_ZN008_ZN012_zn007_ZN009_ZN010	M18	NA	NA	NA	NA	NA	NA
PR056	ZN001_ZN002_ZN003_ZN004_ZN004_ZN005_ZN003_ZN023_ZN007_ZN008_ZN006_ZN009_ZN010	M19	NA	NA	NA	NA	NA	NA
PR057	ZN001_ZN002_ZN003_ZN018_ZN004_ZN005_ZN003_ZN006_ZN007_ZN008_ZN006_ZN009_ZN010	M2	NA	NA	NA	NA	NA	NA
PR058	ZN001_ZN002_ZN003_ZN003_ZN003_ZN006_ZN007_ZN008_ZN006_ZN009_ZN010	M20	NA	NA	NA	NA	NA	NA
PR059	ZN001_ZN002_ZN003_ZN004_ZN004_ZN005_ZN003_ZN004_ZN005_ZN003_ZN006_ZN007_ZN008_ZN008_ZN006_ZN009_ZN010	M21	NA	NA	NA	NA	NA	NA
PR060	ZN001_ZN002_ZN003_ZN027_ZN033_ZN003_ZN003_ZN006_ZN007_ZN008_ZN006_ZN009_ZN010	M22	NA	NA	NA	NA	NA	NA
PR061	ZN001_ZN002_ZN003_ZN004_ZN004_ZN034_ZN003_ZN006_ZN007_ZN008_ZN006_ZN009_ZN010	M23	NA	NA	NA	NA	NA	NA
PR062	ZN001_ZN002_ZN003_ZN004_ZN004_ZN005_ZN003_ZN006_ZN007_ZN008_ZN006_ZN009_ZN035	M24	NA	NA	NA	NA	NA	NA
PR063	ZN001_ZN002_ZN003_ZN004_ZN004_ZN003_ZN003_ZN006_zn007_ZN008_ZN008_ZN009_ZN010	M25	NA	NA	NA	NA	NA	NA
PR064	ZN001_ZN002_ZN003_ZN036_ZN004_ZN005_ZN003_ZN006_ZN007_ZN008_ZN006_ZN009_ZN010	M26	NA	NA	NA	NA	NA	NA
PR065	ZN001_ZN002_ZN003_ZN004_ZN004_ZN005_ZN037_ZN006_ZN007_ZN008_ZN006_ZN009_ZN010	M27	NA	NA	NA	NA	NA	NA
PR066	ZN001_ZN002_ZN003_ZN004_ZN004_ZN005_ZN003_ZN006_ZN011_ZN008_ZN012_ZN015_ZN009_ZN010	M28	NA	NA	NA	NA	NA	NA
PR067	ZN001_ZN002_ZN003_ZN004_ZN004_ZN003_ZN003_ZN006_zn007_ZN008_ZN012_ZN008_ZN009_ZN010	M29	NA	NA	NA	NA	NA	NA
PR068	ZN001_ZN002_ZN003_ZN004_ZN005_ZN003_ZN006_ZN007_ZN008_zn004_ZN010	M3	NA	NA	NA	NA	NA	NA
PR069	ZN001_ZN038_ZN003_ZN004_ZN004_ZN005_ZN003_ZN006_ZN007_ZN011_ZN006_ZN017_ZN010	M30	NA	NA	NA	NA	NA	NA
PR070	ZN001_ZN002_ZN003_ZN004_ZN004_ZN003_ZN003_ZN006_ZN007_ZN008_ZN006_zn022_ZN009_ZN010	M31	NA	NA	NA	NA	NA	NA
PR071	ZN001_ZN002_ZN003_zn002_ZN004_ZN005_ZN003_ZN006_ZN007_ZN008_ZN006_ZN009_ZN010	M32	NA	NA	NA	NA	NA	NA
PR072	ZN001_ZN002_ZN003_ZN004_ZN004_ZN028_ZN003_ZN006_ZN007_ZN008_ZN006_ZN009_ZN010	M6	NA	NA	NA	NA	NA	NA
PR073	ZN001_ZN002_ZN003_ZN004_zn002_ZN003_ZN003_ZN006_ZN007_ZN008_ZN006_ZN009_ZN010	M7	NA	NA	NA	NA	NA	NA
PR074	ZN001_ZN002_ZN003_ZN004_ZN004_ZN003_ZN003_ZN006_ZN007_ZN029_ZN006_ZN009_ZN010	M8	NA	NA	NA	NA	NA	NA
PR075	ZN001_ZN002_ZN003_ZN004_ZN004_ZN005_ZN003_ZN006_ZN007_ZN008_ZN006_ZN030_ZN010	M9	NA	NA	NA	NA	NA	NA
pr001	zn027_ZN011_ZN008_ZN012_ZN008_ZN009_ZN010	Cv:0189	NA	NA	NA	NA	Jeffreys001	NA
pr002	ZN001_ZN002_ZN002_ZN003_ZN004_ZN004_ZN003_ZN003_ZN006_ZN011_ZN008_ZN012_ZN008_ZN009_ZN010	Cv:0391	NA	NA	NA	NA	Jeffreys002	NA
pr003	ZN001_ZN002_ZN003_ZN003_ZN002_ZN003_ZN004_ZN004_ZN022_ZN003_ZN006_ZN007_ZN008_ZN006_ZN009_ZN010	L27v:0078	NA	NA	NA	NA	Jeffreys003	NA
pr004	ZN001_ZN002_ZN003_ZN003_ZN003_ZN003_ZN004_ZN004_ZN003_ZN003_ZN006_ZN011_ZN008_ZN012_ZN015_ZN009_ZN010	L14v:0339	NA	NA	NA	NA	Jeffreys004	NA
pr005	ZN001_ZN002_ZN003_ZN003_ZN003_ZN003_ZN004_ZN004_ZN005_ZN003_ZN006_ZN007_ZN008_ZN006_ZN009_ZN010	Av:0358	NA	NA	NA	NA	Jeffreys005	NA
pr006	ZN001_ZN002_ZN003_ZN003_ZN003_ZN006_ZN011_ZN008_ZN012_ZN008_ZN009	L15v:0139	NA	NA	NA	NA	Jeffreys006	NA
pr007	ZN001_ZN002_ZN003_ZN003_ZN003_zn002_ZN004_ZN003_ZN003_ZN006_ZN011_ZN008_ZN012_ZN015_ZN009_ZN010	L14v:0290	NA	NA	NA	NA	Jeffreys007	NA
pr008	ZN001_ZN002_ZN003_ZN003_ZN004_ZN004_ZN003_ZN003_ZN006_ZN011_ZN008_ZN012_ZN008_ZN009_ZN010	Cv:0190	NA	NA	NA	NA	Jeffreys008	NA
pr009	ZN001_ZN002_ZN003_ZN003_ZN004_ZN004_ZN005_ZN003_ZN006_ZN007_ZN008_ZN006_ZN009_ZN010	Av:0022	NA	NA	NA	NA	Jeffreys009	NA
pr010	ZN001_ZN002_ZN003_ZN003_ZN004_ZN004_ZN005_ZN003_ZN006_ZN011_ZN007_ZN008_ZN006_ZN009_ZN010	Dv:0508	NA	NA	NA	NA	Jeffreys010	NA
pr011	ZN001_ZN002_ZN003_ZN003_ZN004_ZN004_ZN005_zn012_ZN003_ZN004_ZN004_ZN005_ZN003_ZN006_ZN007_ZN008_ZN006_ZN009_ZN010	Av:0092	NA	NA	NA	NA	Jeffreys011	NA
pr012	ZN001_ZN002_ZN003_ZN003_ZN006_ZN007_ZN008_ZN006_ZN009_ZN010	Av:0003	NA	NA	NA	NA	Jeffreys012	NA
pr013	ZN001_ZN002_ZN003_ZN003_ZN006_ZN011_ZN008_ZN012_ZN008_ZN009	L15v:0132	NA	NA	NA	NA	Jeffreys013	NA
pr014	ZN001_ZN002_ZN003_ZN003_ZN006_ZN011_ZN008_ZN012_ZN008_ZN009_ZN010	Cv:0203	NA	NA	NA	NA	Jeffreys014	NA
pr015	ZN001_ZN002_ZN003_ZN004_zn030_ZN006_ZN007_ZN008_ZN006_ZN009_ZN010	Rv:0490	NA	NA	NA	NA	Jeffreys015	NA
pr016	ZN001_ZN002_ZN003_ZN004_ZN003_ZN003_ZN003_ZN004_ZN004_ZN003_ZN003_ZN006_ZN011_ZN008_ZN012_ZN015_ZN009_ZN010	L14v:0354	NA	NA	NA	NA	Jeffreys016	NA
pr017	ZN001_ZN002_ZN003_ZN004_ZN003_ZN003_ZN004_ZN003_zn002_ZN004_ZN005_ZN003_ZN006_ZN007_ZN008_ZN006_ZN009_ZN010	Av:0117	NA	NA	NA	NA	Jeffreys017	NA
pr018	ZN001_ZN002_ZN003_ZN004_ZN003_ZN003_ZN006_ZN011_ZN008_ZN012_ZN008_ZN009	L15v:0157	NA	NA	NA	NA	Jeffreys018	NA
pr019	ZN001_ZN002_ZN003_ZN004_ZN003_ZN003_ZN006_ZN011_ZN008_ZN012_ZN008_ZN009_ZN010	Cv:0212	NA	NA	NA	NA	Jeffreys019	NA
pr020	ZN001_ZN002_ZN003_ZN004_ZN003_ZN003_ZN006_ZN011_ZN008_ZN012_ZN015_ZN009_ZN010	L14v:0302	NA	NA	NA	NA	Jeffreys020	NA
pr021	ZN001_ZN002_ZN003_ZN004_ZN003_ZN004_ZN004_ZN003_ZN003_ZN003_ZN006_ZN007_ZN008_ZN006_ZN010	L12v:0085	NA	NA	NA	NA	Jeffreys021	NA
pr022	ZN001_ZN002_ZN003_ZN004_ZN003_ZN004_ZN004_ZN003_ZN003_ZN006_ZN011_ZN008_ZN012_ZN008_ZN009_ZN010	Cv:0213	NA	NA	NA	NA	Jeffreys022	NA
pr023	ZN001_ZN002_ZN003_ZN004_ZN003_ZN004_ZN004_ZN005_ZN003_ZN004_ZN003_ZN004_ZN004_ZN005_ZN003_ZN006_ZN007_ZN008_ZN006_ZN009_ZN010	Av:0463	NA	NA	NA	NA	Jeffreys023	NA
pr024	ZN001_ZN002_ZN003_ZN004_ZN003_ZN004_ZN004_ZN005_ZN003_ZN006_ZN007_ZN008_ZN006_ZN009_ZN010	Av:0101	NA	NA	NA	NA	Jeffreys024	NA
pr025	ZN001_ZN002_ZN003_ZN004_ZN003_ZN004_ZN018_ZN003_ZN006_ZN011_ZN008_ZN012_ZN008_ZN009_ZN010	L16v:0379	NA	NA	NA	NA	Jeffreys025	NA
pr026	ZN001_ZN002_ZN003_ZN004_ZN004_ZN002_zn002_zn029_ZN002_zn002_ZN004_ZN003_ZN003_ZN006_ZN011_ZN008_ZN012_ZN008_ZN009_ZN010	Cv:0239	NA	NA	NA	NA	Jeffreys026	NA
pr027	ZN001_ZN002_ZN003_ZN004_ZN004_ZN003_zn032_ZN009_ZN010	L14v:0275	NA	NA	NA	NA	Jeffreys027	NA
pr028	ZN001_ZN002_ZN003_ZN004_ZN004_ZN003_ZN003_ZN003_ZN003_ZN003_ZN003_ZN006_ZN007_ZN008_ZN006_ZN010	L12v:0099	NA	NA	NA	NA	Jeffreys028	NA
pr029	ZN001_ZN002_ZN003_ZN004_ZN004_ZN003_ZN003_ZN003_ZN003_ZN004_ZN014_ZN003_ZN006_ZN007_ZN008_ZN006_ZN009_ZN010	Rv:0090	NA	NA	NA	NA	Jeffreys029	NA
pr030	ZN001_ZN002_ZN003_ZN004_ZN004_ZN003_ZN003_ZN003_ZN004_ZN004_ZN003_ZN004_ZN004_ZN003_ZN003_ZN006_ZN011_ZN008_ZN012_ZN008_ZN009_ZN010	Cv:0415	NA	NA	NA	NA	Jeffreys030	NA
pr031	ZN001_ZN002_ZN003_ZN004_ZN004_ZN003_ZN003_ZN003_ZN005_ZN003_ZN006_ZN007_ZN008_ZN006_ZN009_ZN010	Av:0242	NA	NA	NA	NA	Jeffreys031	NA
pr032	ZN001_ZN002_ZN003_ZN004_ZN004_ZN003_ZN003_ZN003_ZN006_ZN006_ZN011_ZN008_ZN012_ZN015_ZN009_ZN010	L14v:0363	NA	NA	NA	NA	Jeffreys032	NA
pr033	ZN001_ZN002_ZN003_ZN004_ZN004_ZN003_ZN003_ZN003_ZN006_ZN007_ZN003_ZN005_ZN003_ZN006_ZN007_ZN008_ZN006_ZN009_ZN010	Av:0357	NA	NA	NA	NA	Jeffreys033	NA
pr034	ZN001_ZN002_ZN003_ZN004_ZN004_ZN003_ZN003_ZN003_ZN006_ZN007_ZN006_ZN006_ZN007_ZN006_ZN006_ZN007_ZN008_ZN006_ZN010	L12v:0096	NA	NA	NA	NA	Jeffreys034	NA
pr035	ZN001_ZN002_ZN003_ZN004_ZN004_ZN003_ZN003_ZN003_ZN006_ZN007_ZN007_zn011_ZN008_ZN006_ZN010	L12v:0087	NA	NA	NA	NA	Jeffreys035	NA
pr036	ZN001_ZN002_ZN003_ZN004_ZN004_ZN003_ZN003_ZN003_ZN006_ZN007_ZN008_ZN006_ZN006_ZN007_ZN008_ZN006_ZN008_zn004_ZN010	L12v:0271	NA	NA	NA	NA	Jeffreys036	NA
pr037	ZN001_ZN002_ZN003_ZN004_ZN004_ZN003_ZN003_ZN003_ZN006_ZN007_ZN008_ZN006_ZN006_ZN007_ZN008_ZN006_ZN010	L12v:0086	NA	NA	NA	NA	Jeffreys037	NA
pr038	ZN001_ZN002_ZN003_ZN004_ZN004_ZN003_ZN003_ZN003_ZN006_ZN007_ZN008_ZN006_ZN007_ZN008_ZN006_ZN010	L12v:0263	NA	NA	NA	NA	Jeffreys038	NA
pr039	ZN001_ZN002_ZN003_ZN004_ZN004_ZN003_ZN003_ZN003_ZN006_ZN007_ZN008_ZN006_ZN009_ZN010	Rv:0150	NA	NA	NA	NA	Jeffreys039	NA
pr040	ZN001_ZN002_ZN003_ZN004_ZN004_ZN003_ZN003_ZN003_ZN006_ZN007_ZN008_ZN006_ZN011_ZN008_ZN008_ZN017_ZN010	Rv:0266	NA	NA	NA	NA	Jeffreys041	NA
pr041	ZN001_ZN002_ZN003_ZN004_ZN004_ZN003_ZN003_ZN003_ZN006_ZN007_ZN008_ZN007_ZN008_ZN006_ZN010	L12v:0089	NA	NA	NA	NA	Jeffreys042	NA
pr042	ZN001_ZN002_ZN003_ZN004_ZN004_ZN003_ZN003_ZN003_ZN006_ZN007_ZN008_ZN007_ZN008_ZN007_ZN007_ZN008_ZN012_ZN008_ZN009_ZN010	Rv:0273	NA	NA	NA	NA	Jeffreys043	NA
pr043	ZN001_ZN002_ZN003_ZN004_ZN004_ZN003_ZN003_ZN003_ZN006_ZN007_ZN008_ZN012_ZN008_ZN009_ZN010	Rv:0270	NA	NA	NA	NA	Jeffreys044	NA
pr044	ZN001_ZN002_ZN003_ZN004_ZN004_ZN003_ZN003_ZN003_ZN006_ZN007_ZN008_zn004_ZN017_ZN017_ZN010	L12v:0091	NA	NA	NA	NA	Jeffreys045	NA
pr045	ZN001_ZN002_ZN003_ZN004_ZN004_ZN003_ZN003_ZN003_ZN006_ZN007_ZN011_ZN008_zn007_ZN008_ZN006_ZN010	L12v:0100	NA	NA	NA	NA	Jeffreys046	NA
pr046	ZN001_ZN002_ZN003_ZN004_ZN004_ZN003_ZN003_ZN003_ZN006_ZN008_ZN006_ZN007_ZN008_ZN006_ZN010	L12v:0268	NA	NA	NA	NA	Jeffreys047	NA
pr047	ZN001_ZN002_ZN003_ZN004_ZN004_ZN003_ZN003_ZN003_ZN006_ZN011_ZN008_ZN012_ZN008_ZN009	L15v:0136	NA	NA	NA	NA	Jeffreys048	NA
pr048	ZN001_ZN002_ZN003_ZN004_ZN004_ZN003_ZN003_ZN003_ZN006_ZN011_ZN008_ZN012_ZN008_ZN009_ZN010	Cv:0196	NA	NA	NA	NA	Jeffreys049	NA
pr049	ZN001_ZN002_ZN003_ZN004_ZN004_ZN003_ZN003_ZN003_ZN006_ZN011_ZN008_ZN018_ZN003_ZN006_ZN011_ZN008_ZN012_ZN008_ZN009_ZN010	Cv:0240	NA	NA	NA	NA	Jeffreys051	NA
pr050	ZN001_ZN002_ZN003_ZN004_ZN004_ZN003_ZN003_ZN004_ZN004_ZN003_ZN003_ZN003_ZN003_ZN006_ZN011_ZN008_ZN012_ZN015_ZN009_ZN010	L14v:0333	NA	NA	NA	NA	Jeffreys052	NA
pr051	ZN001_ZN002_ZN003_ZN004_ZN004_ZN003_ZN003_ZN004_ZN004_ZN003_ZN003_ZN003_ZN006_ZN007_ZN008_ZN006_ZN010	L12v:0264	NA	NA	NA	NA	Jeffreys053	NA
pr052	ZN001_ZN002_ZN003_ZN004_ZN004_ZN003_ZN003_ZN004_ZN004_ZN003_ZN003_ZN006_ZN011_ZN008_ZN012_ZN008_ZN009_ZN010	Cv:0234	NA	NA	NA	NA	Jeffreys054	NA
pr053	ZN001_ZN002_ZN003_ZN004_ZN004_ZN003_ZN003_ZN004_ZN004_ZN005_ZN003_ZN006_ZN007_ZN008_ZN006_ZN009_ZN010	Rv:0181	NA	NA	NA	NA	Jeffreys055	NA
pr054	ZN001_ZN002_ZN003_ZN004_ZN004_ZN003_ZN003_ZN004_ZN018_ZN003_ZN006_ZN011_ZN008_ZN012_ZN008_ZN009_ZN010	Rv:0375	NA	NA	NA	NA	Jeffreys056	NA
pr055	ZN001_ZN002_ZN003_ZN004_ZN004_ZN003_ZN003_ZN005_ZN003_ZN006_ZN007_ZN008_ZN006_ZN009_ZN010	Rv:0401	NA	NA	NA	NA	Jeffreys057	NA
pr056	ZN001_ZN002_ZN003_ZN004_ZN004_ZN003_ZN003_ZN006_zn031_ZN004_ZN004_ZN003_ZN003_ZN004_ZN004_ZN003_ZN003_ZN011_ZN008_ZN012_ZN008_ZN009_ZN010	Cv:0274	NA	NA	NA	NA	Jeffreys058	NA
pr057	ZN001_ZN002_ZN003_ZN004_ZN004_ZN003_ZN003_ZN006_zn033_ZN009_ZN010	L14v:0284	NA	NA	NA	NA	Jeffreys059	NA
pr058	ZN001_ZN002_ZN003_ZN004_ZN004_ZN003_ZN003_ZN006_ZN003_ZN006_ZN011_ZN008_ZN012_ZN015_ZN009_ZN010	L14v:0364	NA	NA	NA	NA	Jeffreys060	NA
pr059	ZN001_ZN002_ZN003_ZN004_ZN004_ZN003_ZN003_ZN006_ZN005_ZN003_ZN006_ZN007_ZN008_ZN006_ZN009_ZN010	Rv:0412	NA	NA	NA	NA	Jeffreys061	NA
pr060	ZN001_ZN002_ZN003_ZN004_ZN004_ZN003_ZN003_ZN006_ZN006_ZN011_ZN008_ZN012_ZN008_ZN009_ZN010	Cv:0198	NA	NA	NA	NA	Jeffreys062	NA
pr061	ZN001_ZN002_ZN003_ZN004_ZN004_ZN003_ZN003_ZN006_ZN006_ZN011_ZN008_ZN012_ZN015_ZN009_ZN010	L14v:0319	NA	NA	NA	NA	Jeffreys063	NA
pr062	ZN001_ZN002_ZN003_ZN004_ZN004_ZN003_ZN003_ZN006_ZN007_ZN008_ZN011_ZN008_ZN012_ZN015_ZN009_ZN010	Rv:0368	NA	NA	NA	NA	Jeffreys064	NA
pr063	ZN001_ZN002_ZN003_ZN004_ZN004_ZN003_ZN003_ZN006_ZN007_ZN011_ZN008_ZN012_ZN008_ZN009	Rv:0144	NA	NA	NA	NA	Jeffreys065	NA
pr064	ZN001_ZN002_ZN003_ZN004_ZN004_ZN003_ZN003_ZN006_ZN007_ZN011_ZN008_ZN012_ZN015_ZN009_ZN010	Rv:0356	NA	NA	NA	NA	Jeffreys066	NA
pr065	ZN001_ZN002_ZN003_ZN004_ZN004_ZN003_ZN003_ZN006_ZN008_ZN011_ZN008_ZN012_ZN015_ZN009_ZN010	L14v:0374	NA	NA	NA	NA	Jeffreys067	NA
pr066	ZN001_ZN002_ZN003_ZN004_ZN004_ZN003_ZN003_ZN006_ZN008_ZN012_ZN008_ZN009	L15v:0163	NA	NA	NA	NA	Jeffreys068	NA
pr067	ZN001_ZN002_ZN003_ZN004_ZN004_ZN003_ZN003_ZN006_ZN008_ZN012_ZN008_ZN009_ZN010	Cv:0220	NA	NA	NA	NA	Jeffreys069	NA
pr068	ZN001_ZN002_ZN003_ZN004_ZN004_ZN003_ZN003_ZN006_ZN008_ZN012_ZN011_ZN008_ZN012_ZN015_ZN009_ZN010	L14v:0293	NA	NA	NA	NA	Jeffreys070	NA
pr069	ZN001_ZN002_ZN003_ZN004_ZN004_ZN003_ZN003_ZN006_ZN010	Cv:0195	NA	NA	NA	NA	Jeffreys071	NA
pr070	ZN001_ZN002_ZN003_ZN004_ZN004_ZN003_ZN003_ZN006_ZN011_zn030_ZN012_zn030_ZN012_ZN008_ZN009_ZN010	Cv:0260	NA	NA	NA	NA	Jeffreys072	NA
pr071	ZN001_ZN002_ZN003_ZN004_ZN004_ZN003_ZN003_ZN006_ZN011_ZN003_ZN003_ZN006_ZN011_ZN008_ZN012_ZN008_ZN009_ZN010	Cv:0317	NA	NA	NA	NA	Jeffreys073	NA
pr072	ZN001_ZN002_ZN003_ZN004_ZN004_ZN003_ZN003_ZN006_ZN011_ZN003_ZN006_ZN011_ZN008_ZN012_ZN015_ZN009_ZN010	L14v:0310	NA	NA	NA	NA	Jeffreys074	NA
pr073	ZN001_ZN002_ZN003_ZN004_ZN004_ZN003_ZN003_ZN006_ZN011_ZN008_zn041_ZN012_ZN008_ZN009_ZN010	Cv:0394	NA	NA	NA	NA	Jeffreys075	NA
pr074	ZN001_ZN002_ZN003_ZN004_ZN004_ZN003_ZN003_ZN006_ZN011_ZN008_zn028_ZN003_ZN008_ZN012_ZN008_ZN009_ZN010	Cv:0228	NA	NA	NA	NA	Jeffreys076	NA
pr075	ZN001_ZN002_ZN003_ZN004_ZN004_ZN003_ZN003_ZN006_ZN011_ZN008_ZN003_ZN003_ZN006_ZN011_ZN008_ZN008_ZN012_ZN008_ZN009	L15v:0184	NA	NA	NA	NA	Jeffreys077	NA
pr076	ZN001_ZN002_ZN003_ZN004_ZN004_ZN003_ZN003_ZN006_ZN011_ZN008_ZN003_ZN003_ZN006_ZN011_ZN008_ZN012_ZN015_ZN009_ZN010	L14v:0328	NA	NA	NA	NA	Jeffreys078	NA
pr077	ZN001_ZN002_ZN003_ZN004_ZN004_ZN003_ZN003_ZN006_ZN011_ZN008_ZN003_ZN004_ZN004_ZN003_ZN003_ZN006_ZN011_ZN008_ZN012_ZN008_ZN009_ZN010	Cv:0416	NA	NA	NA	NA	Jeffreys079	NA
pr078	ZN001_ZN002_ZN003_ZN004_ZN004_ZN003_ZN003_ZN006_ZN011_ZN008_ZN003_ZN006_ZN006_ZN011_ZN008_zn011_ZN012_ZN008_ZN009_ZN010	Cv:0413	NA	NA	NA	NA	Jeffreys080	NA
pr079	ZN001_ZN002_ZN003_ZN004_ZN004_ZN003_ZN003_ZN006_ZN011_ZN008_ZN003_ZN006_ZN011_ZN008_ZN008_zn019_ZN012_ZN008_ZN009_ZN010	Rv:0411	NA	NA	NA	NA	Jeffreys081	NA
pr080	ZN001_ZN002_ZN003_ZN004_ZN004_ZN003_ZN003_ZN006_ZN011_ZN008_ZN003_ZN006_ZN011_ZN008_ZN012_ZN008_ZN009_ZN010	Cv:0267	NA	NA	NA	NA	Jeffreys082	NA
pr081	ZN001_ZN002_ZN003_ZN004_ZN004_ZN003_ZN003_ZN006_ZN011_ZN008_ZN003_ZN006_ZN011_ZN008_ZN012_ZN015_ZN009_ZN010	L14v:0322	NA	NA	NA	NA	Jeffreys083	NA
pr082	ZN001_ZN002_ZN003_ZN004_ZN004_ZN003_ZN003_ZN006_ZN011_ZN008_ZN003_ZN006_ZN011_ZN015_ZN009_ZN010	L14v:0295	NA	NA	NA	NA	Jeffreys084	NA
pr083	ZN001_ZN002_ZN003_ZN004_ZN004_ZN003_ZN003_ZN006_ZN011_ZN008_ZN003_ZN008_ZN012_ZN008_ZN009_ZN010	Cv:0283	NA	NA	NA	NA	Jeffreys085	NA
pr084	ZN001_ZN002_ZN003_ZN004_ZN004_ZN003_ZN003_ZN006_ZN011_ZN008_ZN003_ZN012_ZN008_ZN009_ZN010	Cv:0204	NA	NA	NA	NA	Jeffreys086	NA
pr085	ZN001_ZN002_ZN003_ZN004_ZN004_ZN003_ZN003_ZN006_ZN011_ZN008_ZN004_ZN003_ZN003_ZN006_ZN011_ZN008_ZN012_ZN008_ZN009	L15v:0183	NA	NA	NA	NA	Jeffreys087	NA
pr086	ZN001_ZN002_ZN003_ZN004_ZN004_ZN003_ZN003_ZN006_ZN011_ZN008_ZN004_ZN004_ZN003_ZN003_ZN006_ZN011_ZN008_ZN012_ZN008_ZN009	L15v:0186	NA	NA	NA	NA	Jeffreys088	NA
pr087	ZN001_ZN002_ZN003_ZN004_ZN004_ZN003_ZN003_ZN006_ZN011_ZN008_ZN004_ZN004_ZN003_ZN003_ZN006_ZN011_ZN008_ZN012_ZN015_ZN009_ZN010	L14v:0337	NA	NA	NA	NA	Jeffreys089	NA
pr088	ZN001_ZN002_ZN003_ZN004_ZN004_ZN003_ZN003_ZN006_ZN011_ZN008_ZN006_ZN007_ZN008_ZN012_ZN008_ZN009	Rv:0176	NA	NA	NA	NA	Jeffreys090	NA
pr089	ZN001_ZN002_ZN003_ZN004_ZN004_ZN003_ZN003_ZN006_ZN011_ZN008_ZN006_ZN008_ZN012_ZN008_ZN009	L15v:0160	NA	NA	NA	NA	Jeffreys091	NA
pr090	ZN001_ZN002_ZN003_ZN004_ZN004_ZN003_ZN003_ZN006_ZN011_ZN008_ZN006_ZN011_zn028_ZN006_ZN011_ZN008_ZN012_ZN015_ZN009_ZN010	L14v:0334	NA	NA	NA	NA	Jeffreys092	NA
pr091	ZN001_ZN002_ZN003_ZN004_ZN004_ZN003_ZN003_ZN006_ZN011_ZN008_ZN006_ZN011_ZN008_ZN012_ZN006_ZN011_ZN008_ZN012_ZN008_ZN009	L15v:0187	NA	NA	NA	NA	Jeffreys093	NA
pr092	ZN001_ZN002_ZN003_ZN004_ZN004_ZN003_ZN003_ZN006_ZN011_ZN008_ZN006_ZN012_ZN008_ZN005_ZN012_ZN008_ZN009	L15v:0180	NA	NA	NA	NA	Jeffreys094	NA
pr093	ZN001_ZN002_ZN003_ZN004_ZN004_ZN003_ZN003_ZN006_ZN011_ZN008_ZN006_ZN012_ZN008_ZN009_ZN010	Cv:0395	NA	NA	NA	NA	Jeffreys095	NA
pr094	ZN001_ZN002_ZN003_ZN004_ZN004_ZN003_ZN003_ZN006_ZN011_ZN008_ZN008_ZN009	L15v:0167	NA	NA	NA	NA	Jeffreys096	NA
pr095	ZN001_ZN002_ZN003_ZN004_ZN004_ZN003_ZN003_ZN006_ZN011_ZN008_ZN008_ZN009_ZN010	Cv:0298	NA	NA	NA	NA	Jeffreys097	NA
pr096	ZN001_ZN002_ZN003_ZN004_ZN004_ZN003_ZN003_ZN006_ZN011_ZN008_ZN008_ZN011_ZN011_ZN008_ZN008_ZN012_ZN015_ZN009_ZN010	L14v:0329	NA	NA	NA	NA	Jeffreys098	NA
pr097	ZN001_ZN002_ZN003_ZN004_ZN004_ZN003_ZN003_ZN006_ZN011_ZN008_ZN008_ZN012_ZN008_ZN009_ZN010	Cv:0202	NA	NA	NA	NA	Jeffreys099	NA
pr098	ZN001_ZN002_ZN003_ZN004_ZN004_ZN003_ZN003_ZN006_ZN011_ZN008_ZN009	L15v:0143	NA	NA	NA	NA	Jeffreys100	NA
pr099	ZN001_ZN002_ZN003_ZN004_ZN004_ZN003_ZN003_ZN006_ZN011_ZN008_ZN009_ZN010	Cv:0209	NA	NA	NA	NA	Jeffreys101	NA
pr100	ZN001_ZN002_ZN003_ZN004_ZN004_ZN003_ZN003_ZN006_ZN011_ZN008_ZN011_ZN008_ZN012_ZN015_ZN009_ZN010	L14v:0296	NA	NA	NA	NA	Jeffreys102	NA
pr101	ZN001_ZN002_ZN003_ZN004_ZN004_ZN003_ZN003_ZN006_ZN011_ZN008_ZN011_ZN011_ZN007_ZN012_ZN015_ZN009_ZN010	Rv:0345	NA	NA	NA	NA	Jeffreys103	NA
pr102	ZN001_ZN002_ZN003_ZN004_ZN004_ZN003_ZN003_ZN006_ZN011_ZN008_ZN011_ZN011_ZN008_ZN011_ZN008_ZN012_ZN008_ZN009_ZN010	Cv:0409	NA	NA	NA	NA	Jeffreys104	NA
pr103	ZN001_ZN002_ZN003_ZN004_ZN004_ZN003_ZN003_ZN006_ZN011_ZN008_ZN012_zn038_ZN009_ZN010_ZN010	L14v:0377	NA	NA	NA	NA	Jeffreys105	NA
pr104	ZN001_ZN002_ZN003_ZN004_ZN004_ZN003_ZN003_ZN006_ZN011_ZN008_ZN012_ZN005_ZN005_ZN015_ZN009_ZN010	L14v:0365	NA	NA	NA	NA	Jeffreys106	NA
pr105	ZN001_ZN002_ZN003_ZN004_ZN004_ZN003_ZN003_ZN006_ZN011_ZN008_ZN012_ZN006_ZN011_ZN008_ZN009_ZN010	Cv:0408	NA	NA	NA	NA	Jeffreys107	NA
pr106	ZN001_ZN002_ZN003_ZN004_ZN004_ZN003_ZN003_ZN006_ZN011_ZN008_ZN012_ZN006_ZN011_ZN008_ZN012_ZN008_ZN009_ZN010	Cv:0235	NA	NA	NA	NA	Jeffreys108	NA
pr107	ZN001_ZN002_ZN003_ZN004_ZN004_ZN003_ZN003_ZN006_ZN011_ZN008_ZN012_ZN006_ZN012_ZN006_ZN008_ZN009	L15v:0175	NA	NA	NA	NA	Jeffreys109	NA
pr108	ZN001_ZN002_ZN003_ZN004_ZN004_ZN003_ZN003_ZN006_ZN011_ZN008_ZN012_ZN008_ZN003_ZN003_ZN009_ZN010	Cv:0261	NA	NA	NA	NA	Jeffreys110	NA
pr109	ZN001_ZN002_ZN003_ZN004_ZN004_ZN003_ZN003_ZN006_ZN011_ZN008_ZN012_ZN008_ZN003_ZN006_ZN011_ZN008_ZN011_ZN008_ZN012_ZN008_ZN009_ZN010	Cv:0417	NA	NA	NA	NA	Jeffreys111	NA
pr110	ZN001_ZN002_ZN003_ZN004_ZN004_ZN003_ZN003_ZN006_ZN011_ZN008_ZN012_ZN008_ZN003_ZN006_ZN011_ZN008_ZN012_ZN008_ZN009	L15v:0185	NA	NA	NA	NA	Jeffreys112	NA
pr111	ZN001_ZN002_ZN003_ZN004_ZN004_ZN003_ZN003_ZN006_ZN011_ZN008_ZN012_ZN008_ZN003_ZN006_ZN011_ZN015_ZN009_ZN010	L14v:0378	NA	NA	NA	NA	Jeffreys113	NA
pr112	ZN001_ZN002_ZN003_ZN004_ZN004_ZN003_ZN003_ZN006_ZN011_ZN008_ZN012_ZN008_ZN003_ZN011_ZN008_ZN012_ZN012_ZN015_ZN009_ZN010	L14v:0335	NA	NA	NA	NA	Jeffreys114	NA
pr113	ZN001_ZN002_ZN003_ZN004_ZN004_ZN003_ZN003_ZN006_ZN011_ZN008_ZN012_ZN008_ZN006_ZN007_ZN008_ZN006_ZN009_ZN010	Rv:0355	NA	NA	NA	NA	Jeffreys115	NA
pr114	ZN001_ZN002_ZN003_ZN004_ZN004_ZN003_ZN003_ZN006_ZN011_ZN008_ZN012_ZN008_ZN006_ZN009_ZN010	Rv:0405	NA	NA	NA	NA	Jeffreys116	NA
pr115	ZN001_ZN002_ZN003_ZN004_ZN004_ZN003_ZN003_ZN006_ZN011_ZN008_ZN012_ZN008_ZN006_ZN011_ZN008_ZN012_ZN008_ZN012_ZN015_ZN009_ZN010	L14v:0338	NA	NA	NA	NA	Jeffreys117	NA
pr116	ZN001_ZN002_ZN003_ZN004_ZN004_ZN003_ZN003_ZN006_ZN011_ZN008_ZN012_ZN008_ZN008_ZN009_ZN010	Cv:0208	NA	NA	NA	NA	Jeffreys118	NA
pr117	ZN001_ZN002_ZN003_ZN004_ZN004_ZN003_ZN003_ZN006_ZN011_ZN008_ZN012_ZN008_ZN008_ZN012_ZN008_ZN009_ZN010	Cv:0230	NA	NA	NA	NA	Jeffreys119	NA
pr118	ZN001_ZN002_ZN003_ZN004_ZN004_ZN003_ZN003_ZN006_ZN011_ZN008_ZN012_ZN008_ZN009_zn035_ZN009_ZN010	L14v:0301	NA	NA	NA	NA	Jeffreys121	NA
pr119	ZN001_ZN002_ZN003_ZN004_ZN004_ZN003_ZN003_ZN006_ZN011_ZN008_ZN012_ZN008_ZN009_zn042_ZN006_ZN011_ZN008_ZN012_ZN008_ZN009_ZN010	Cv:0414	NA	NA	NA	NA	Jeffreys122	NA
pr120	ZN001_ZN002_ZN003_ZN004_ZN004_ZN003_ZN003_ZN006_ZN011_ZN008_ZN012_ZN008_ZN009_ZN010_ZN010	Cv:0211	NA	NA	NA	NA	Jeffreys124	NA
pr121	ZN001_ZN002_ZN003_ZN004_ZN004_ZN003_ZN003_ZN006_ZN011_ZN008_ZN012_ZN008_ZN009_zn004_ZN010	Cv:0399	NA	NA	NA	NA	Jeffreys125	NA
pr122	ZN001_ZN002_ZN003_ZN004_ZN004_ZN003_ZN003_ZN006_ZN011_ZN008_ZN012_ZN008_ZN009_zn024_ZN009_ZN010	Cv:0288	NA	NA	NA	NA	Jeffreys126	NA
pr123	ZN001_ZN002_ZN003_ZN004_ZN004_ZN003_ZN003_ZN006_ZN011_ZN008_ZN012_ZN008_ZN011_ZN008_ZN012_ZN008_ZN011_ZN008_ZN012_ZN008_ZN009_ZN010	L14v:0361	NA	NA	NA	NA	Jeffreys127	NA
pr124	ZN001_ZN002_ZN003_ZN004_ZN004_ZN003_ZN003_ZN006_ZN011_ZN008_ZN012_ZN008_ZN012_ZN008_ZN008_ZN009_ZN010	Cv:0309	NA	NA	NA	NA	Jeffreys128	NA
pr125	ZN001_ZN002_ZN003_ZN004_ZN004_ZN003_ZN003_ZN006_ZN011_ZN008_ZN012_ZN008_ZN012_ZN008_ZN009_ZN010	Cv:0223	NA	NA	NA	NA	Jeffreys129	NA
pr126	ZN001_ZN002_ZN003_ZN004_ZN004_ZN003_ZN003_ZN006_ZN011_ZN008_ZN012_ZN008_ZN012_ZN008_ZN015_ZN009_ZN010	L14v:0312	NA	NA	NA	NA	Jeffreys130	NA
pr127	ZN001_ZN002_ZN003_ZN004_ZN004_ZN003_ZN003_ZN006_ZN011_ZN008_ZN012_ZN008_ZN012_ZN009_ZN010	Cv:0316	NA	NA	NA	NA	Jeffreys131	NA
pr128	ZN001_ZN002_ZN003_ZN004_ZN004_ZN003_ZN003_ZN006_ZN011_ZN008_ZN012_ZN008_ZN012_ZN012_ZN008_ZN012_ZN012_ZN008_ZN009_ZN010	Cv:0241	NA	NA	NA	NA	Jeffreys132	NA
pr129	ZN001_ZN002_ZN003_ZN004_ZN004_ZN003_ZN003_ZN006_ZN011_ZN008_ZN012_ZN008_ZN012_ZN015_ZN009_ZN010	L14v:0297	NA	NA	NA	NA	Jeffreys133	NA
pr130	ZN001_ZN002_ZN003_ZN004_ZN004_ZN003_ZN003_ZN006_ZN011_ZN008_ZN012_ZN008_ZN012_zn008_ZN009_ZN010	Cv:0410	NA	NA	NA	NA	Jeffreys134	NA
pr131	ZN001_ZN002_ZN003_ZN004_ZN004_ZN003_ZN003_ZN006_ZN011_ZN008_ZN012_ZN008_ZN012_zn017_ZN010	Cv:0265	NA	NA	NA	NA	Jeffreys135	NA
pr132	ZN001_ZN002_ZN003_ZN004_ZN004_ZN003_ZN003_ZN006_ZN011_ZN008_ZN012_ZN008_ZN015_ZN009_ZN010	L14v:0325	NA	NA	NA	NA	Jeffreys136	NA
pr133	ZN001_ZN002_ZN003_ZN004_ZN004_ZN003_ZN003_ZN006_ZN011_ZN008_ZN012_ZN008_ZN017_ZN006_ZN010	Rv:0272	NA	NA	NA	NA	Jeffreys137	NA
pr134	ZN001_ZN002_ZN003_ZN004_ZN004_ZN003_ZN003_ZN006_ZN011_ZN008_ZN012_ZN008_ZN017_ZN008_ZN009_ZN010	Cv:0225	NA	NA	NA	NA	Jeffreys138	NA
pr135	ZN001_ZN002_ZN003_ZN004_ZN004_ZN003_ZN003_ZN006_ZN011_ZN008_ZN012_ZN008_ZN017_ZN011_ZN008_ZN012_ZN008_ZN009_ZN010	Cv:0238	NA	NA	NA	NA	Jeffreys140	NA
pr136	ZN001_ZN002_ZN003_ZN004_ZN004_ZN003_ZN003_ZN006_ZN011_ZN008_ZN012_ZN008_ZN017_ZN012_ZN008_ZN009_ZN010	Cv:0231	NA	NA	NA	NA	Jeffreys141	NA
pr137	ZN001_ZN002_ZN003_ZN004_ZN004_ZN003_ZN003_ZN006_ZN011_ZN008_ZN012_ZN008_ZN017_ZN017_ZN008_ZN009_ZN010	Cv:0232	NA	NA	NA	NA	Jeffreys142	NA
pr138	ZN001_ZN002_ZN003_ZN004_ZN004_ZN003_ZN003_ZN006_ZN011_ZN008_ZN012_ZN008_zn022_ZN009	L15v:0138	NA	NA	NA	NA	Jeffreys143	NA
pr139	ZN001_ZN002_ZN003_ZN004_ZN004_ZN003_ZN003_ZN006_ZN011_ZN008_ZN012_ZN008_zn024_ZN009	Rv:0147	NA	NA	NA	NA	Jeffreys144	NA
pr140	ZN001_ZN002_ZN003_ZN004_ZN004_ZN003_ZN003_ZN006_ZN011_ZN008_ZN012_ZN009	L15v:0169	NA	NA	NA	NA	Jeffreys145	NA
pr141	ZN001_ZN002_ZN003_ZN004_ZN004_ZN003_ZN003_ZN006_ZN011_ZN008_ZN012_ZN009_ZN010	Cv:0224	NA	NA	NA	NA	Jeffreys146	NA
pr142	ZN001_ZN002_ZN003_ZN004_ZN004_ZN003_ZN003_ZN006_ZN011_ZN008_ZN012_ZN010	Uv:0292	NA	NA	NA	NA	Jeffreys147	NA
pr143	ZN001_ZN002_ZN003_ZN004_ZN004_ZN003_ZN003_ZN006_ZN011_ZN008_ZN012_ZN011_ZN008_ZN005_ZN008_ZN009_ZN010	Cv:0396	NA	NA	NA	NA	Jeffreys148	NA
pr144	ZN001_ZN002_ZN003_ZN004_ZN004_ZN003_ZN003_ZN006_ZN011_ZN008_ZN012_ZN011_ZN008_ZN009_ZN010	Cv:0314	NA	NA	NA	NA	Jeffreys149	NA
pr145	ZN001_ZN002_ZN003_ZN004_ZN004_ZN003_ZN003_ZN006_ZN011_ZN008_ZN012_ZN011_ZN008_ZN012_ZN008_ZN009_ZN010	Cv:0229	NA	NA	NA	NA	Jeffreys150	NA
pr146	ZN001_ZN002_ZN003_ZN004_ZN004_ZN003_ZN003_ZN006_ZN011_ZN008_ZN012_ZN011_ZN008_ZN012_ZN008_ZN012_zn017_ZN010	Cv:0406	NA	NA	NA	NA	Jeffreys151	NA
pr147	ZN001_ZN002_ZN003_ZN004_ZN004_ZN003_ZN003_ZN006_ZN011_ZN008_ZN012_ZN011_ZN008_ZN012_ZN015_ZN009_ZN010	L14v:0311	NA	NA	NA	NA	Jeffreys152	NA
pr148	ZN001_ZN002_ZN003_ZN004_ZN004_ZN003_ZN003_ZN006_ZN011_ZN008_ZN012_ZN011_ZN017_zn022_ZN008_ZN012_ZN008_zn004_ZN010	Cv:0269	NA	NA	NA	NA	Jeffreys153	NA
pr149	ZN001_ZN002_ZN003_ZN004_ZN004_ZN003_ZN003_ZN006_ZN011_ZN008_ZN012_ZN012_ZN005_ZN003_ZN006_ZN011_ZN015_ZN009_ZN010	L14v:0330	NA	NA	NA	NA	Jeffreys154	NA
pr150	ZN001_ZN002_ZN003_ZN004_ZN004_ZN003_ZN003_ZN006_ZN011_ZN008_ZN012_ZN012_ZN005_ZN012_ZN015_ZN009_ZN010	L14v:0313	NA	NA	NA	NA	Jeffreys155	NA
pr151	ZN001_ZN002_ZN003_ZN004_ZN004_ZN003_ZN003_ZN006_ZN011_ZN008_ZN012_ZN012_ZN008_ZN009_ZN010	Cv:0206	NA	NA	NA	NA	Jeffreys156	NA
pr152	ZN001_ZN002_ZN003_ZN004_ZN004_ZN003_ZN003_ZN006_ZN011_ZN008_ZN012_ZN012_ZN011_ZN008_ZN012_ZN008_ZN009_ZN010	Cv:0407	NA	NA	NA	NA	Jeffreys157	NA
pr153	ZN001_ZN002_ZN003_ZN004_ZN004_ZN003_ZN003_ZN006_ZN011_ZN008_ZN012_ZN012_ZN011_ZN008_ZN012_ZN012_ZN008_ZN009_ZN010	Cv:0237	NA	NA	NA	NA	Jeffreys158	NA
pr154	ZN001_ZN002_ZN003_ZN004_ZN004_ZN003_ZN003_ZN006_ZN011_ZN008_ZN012_ZN012_ZN012_ZN008_ZN009_ZN010	Cv:0285	NA	NA	NA	NA	Jeffreys159	NA
pr155	ZN001_ZN002_ZN003_ZN004_ZN004_ZN003_ZN003_ZN006_ZN011_ZN008_ZN012_ZN012_ZN015_ZN009_ZN010	L14v:0323	NA	NA	NA	NA	Jeffreys160	NA
pr156	ZN001_ZN002_ZN003_ZN004_ZN004_ZN003_ZN003_ZN006_ZN011_ZN008_ZN012_ZN014_ZN005_ZN008_ZN009	L15v:0162	NA	NA	NA	NA	Jeffreys161	NA
pr157	ZN001_ZN002_ZN003_ZN004_ZN004_ZN003_ZN003_ZN006_ZN011_ZN008_ZN012_ZN015_ZN008_zn036_ZN009_ZN010	L14v:0366	NA	NA	NA	NA	Jeffreys162	NA
pr158	ZN001_ZN002_ZN003_ZN004_ZN004_ZN003_ZN003_ZN006_ZN011_ZN008_ZN012_ZN015_ZN008_ZN012_ZN015_ZN009_ZN010	L14v:0341	NA	NA	NA	NA	Jeffreys163	NA
pr159	ZN001_ZN002_ZN003_ZN004_ZN004_ZN003_ZN003_ZN006_ZN011_ZN008_ZN012_ZN015_ZN009_ZN009_ZN009_ZN010	L14v:0367	NA	NA	NA	NA	Jeffreys164	NA
pr160	ZN001_ZN002_ZN003_ZN004_ZN004_ZN003_ZN003_ZN006_ZN011_ZN008_ZN012_ZN015_ZN009_ZN012_ZN012_ZN015_ZN009_ZN010	L14v:0326	NA	NA	NA	NA	Jeffreys166	NA
pr161	ZN001_ZN002_ZN003_ZN004_ZN004_ZN003_ZN003_ZN006_ZN011_ZN008_ZN012_ZN015_ZN012_ZN008_ZN012_ZN008_ZN009_ZN010	Rv:0327	NA	NA	NA	NA	Jeffreys167	NA
pr162	ZN001_ZN002_ZN003_ZN004_ZN004_ZN003_ZN003_ZN006_ZN011_ZN008_ZN012_ZN015_ZN012_ZN015_ZN009_ZN010	L14v:0299	NA	NA	NA	NA	Jeffreys168	NA
pr163	ZN001_ZN002_ZN003_ZN004_ZN004_ZN003_ZN003_ZN006_ZN011_ZN008_ZN012_ZN015_ZN017_ZN008_ZN012_ZN015_ZN009_ZN010	L14v:0324	NA	NA	NA	NA	Jeffreys169	NA
pr164	ZN001_ZN002_ZN003_ZN004_ZN004_ZN003_ZN003_ZN006_ZN011_ZN008_ZN012_ZN015_ZN017_ZN008_ZN017_ZN008_ZN009_ZN010	Rv:0382	NA	NA	NA	NA	Jeffreys170	NA
pr165	ZN001_ZN002_ZN003_ZN004_ZN004_ZN003_ZN003_ZN006_ZN011_ZN008_ZN012_ZN015_ZN017_ZN009_ZN010	L14v:0353	NA	NA	NA	NA	Jeffreys171	NA
pr166	ZN001_ZN002_ZN003_ZN004_ZN004_ZN003_ZN003_ZN006_ZN011_ZN008_ZN012_ZN015_ZN017_ZN012_ZN015_ZN009_ZN010	L14v:0315	NA	NA	NA	NA	Jeffreys172	NA
pr167	ZN001_ZN002_ZN003_ZN004_ZN004_ZN003_ZN003_ZN006_ZN011_ZN008_ZN012_ZN015_ZN017_ZN015_ZN009_ZN010	L14v:0386	NA	NA	NA	NA	Jeffreys173	NA
pr168	ZN001_ZN002_ZN003_ZN004_ZN004_ZN003_ZN003_ZN006_ZN011_ZN008_ZN012_zn007_ZN008_ZN012_ZN008_ZN009_ZN010	Cv:0398	NA	NA	NA	NA	Jeffreys174	NA
pr169	ZN001_ZN002_ZN003_ZN004_ZN004_ZN003_ZN003_ZN006_ZN011_ZN008_ZN012_zn007_zn008_ZN009_ZN010	Cv:0397	NA	NA	NA	NA	Jeffreys175	NA
pr170	ZN001_ZN002_ZN003_ZN004_ZN004_ZN003_ZN003_ZN006_ZN011_ZN008_ZN012_zn017	L15v:0170	NA	NA	NA	NA	Jeffreys176	NA
pr171	ZN001_ZN002_ZN003_ZN004_ZN004_ZN003_ZN003_ZN006_ZN011_ZN008_ZN012_zn017_ZN010	Cv:0226	NA	NA	NA	NA	Jeffreys177	NA
pr172	ZN001_ZN002_ZN003_ZN004_ZN004_ZN003_ZN003_ZN006_ZN011_ZN008_ZN012_zn017_ZN012_ZN008_ZN003_ZN008_ZN009_ZN010	Cv:0404	NA	NA	NA	NA	Jeffreys178	NA
pr173	ZN001_ZN002_ZN003_ZN004_ZN004_ZN003_ZN003_ZN006_ZN011_ZN008_ZN012_zn017_ZN017_ZN009_ZN010	L14v:0351	NA	NA	NA	NA	Jeffreys179	NA
pr174	ZN001_ZN002_ZN003_ZN004_ZN004_ZN003_ZN003_ZN006_ZN011_ZN008_ZN015_ZN009_ZN010	L14v:0308	NA	NA	NA	NA	Jeffreys180	NA
pr175	ZN001_ZN002_ZN003_ZN004_ZN004_ZN003_ZN003_ZN006_ZN011_ZN008_zn018	L15v:0145	NA	NA	NA	NA	Jeffreys181	NA
pr176	ZN001_ZN002_ZN003_ZN004_ZN004_ZN003_ZN003_ZN006_ZN011_ZN008_zn018_zn034	Uv:0289	NA	NA	NA	NA	Jeffreys182	NA
pr177	ZN001_ZN002_ZN003_ZN004_ZN004_ZN003_ZN003_ZN006_ZN011_ZN009_ZN010	Cv:0205	NA	NA	NA	NA	Jeffreys183	NA
pr178	ZN001_ZN002_ZN003_ZN004_ZN004_ZN003_ZN003_ZN006_ZN011_ZN010	Cv:0201	NA	NA	NA	NA	Jeffreys184	NA
pr179	ZN001_ZN002_ZN003_ZN004_ZN004_ZN003_ZN003_ZN006_ZN011_ZN011_ZN003_ZN006_ZN011_ZN008_ZN012_ZN015_ZN009_ZN010	L14v:0320	NA	NA	NA	NA	Jeffreys185	NA
pr180	ZN001_ZN002_ZN003_ZN004_ZN004_ZN003_ZN003_ZN006_ZN011_ZN011_ZN008_ZN012_ZN008_ZN009_ZN010	Cv:0200	NA	NA	NA	NA	Jeffreys186	NA
pr181	ZN001_ZN002_ZN003_ZN004_ZN004_ZN003_ZN003_ZN006_ZN011_ZN011_ZN008_ZN012_ZN015_ZN009_ZN010	L14v:0321	NA	NA	NA	NA	Jeffreys187	NA
pr182	ZN001_ZN002_ZN003_ZN004_ZN004_ZN003_ZN003_ZN006_ZN011_ZN011_ZN011_ZN006_ZN011_ZN006_ZN006_ZN011_ZN008_ZN012_ZN008_ZN009_ZN010	Cv:0336	NA	NA	NA	NA	Jeffreys188	NA
pr183	ZN001_ZN002_ZN003_ZN004_ZN004_ZN003_ZN003_ZN006_ZN011_ZN012_ZN003_ZN018_ZN012_ZN003_ZN006_ZN011_ZN008_ZN012_ZN015_ZN009_ZN010	L14v:0385	NA	NA	NA	NA	Jeffreys189	NA
pr184	ZN001_ZN002_ZN003_ZN004_ZN004_ZN003_ZN003_ZN006_ZN011_ZN012_ZN008_ZN009	L15v:0165	NA	NA	NA	NA	Jeffreys190	NA
pr185	ZN001_ZN002_ZN003_ZN004_ZN004_ZN003_ZN003_ZN006_ZN011_ZN012_ZN008_ZN009_ZN010	Cv:0222	NA	NA	NA	NA	Jeffreys191	NA
pr186	ZN001_ZN002_ZN003_ZN004_ZN004_ZN003_ZN003_ZN006_ZN011_ZN012_ZN008_ZN012_ZN008_ZN009_ZN010	Cv:0262	NA	NA	NA	NA	Jeffreys192	NA
pr187	ZN001_ZN002_ZN003_ZN004_ZN004_ZN003_ZN003_ZN006_ZN011_ZN012_ZN015_ZN009_ZN010	L14v:0306	NA	NA	NA	NA	Jeffreys193	NA
pr188	ZN001_ZN002_ZN003_ZN004_ZN004_ZN003_ZN003_ZN006_ZN011_ZN012_zn011_ZN012_ZN008_ZN012_ZN008_ZN009	L15v:0174	NA	NA	NA	NA	Jeffreys194	NA
pr189	ZN001_ZN002_ZN003_ZN004_ZN004_ZN003_ZN003_ZN006_ZN011_ZN015_ZN009_ZN010	L14v:0287	NA	NA	NA	NA	Jeffreys195	NA
pr190	ZN001_ZN002_ZN003_ZN004_ZN004_ZN003_ZN003_ZN006_ZN011_ZN015_ZN017_ZN006_ZN012_ZN015_ZN009_ZN010	L14v:0294	NA	NA	NA	NA	Jeffreys196	NA
pr191	ZN001_ZN002_ZN003_ZN004_ZN004_ZN003_ZN003_ZN006_ZN011_zn007_ZN012_ZN011_zn007_ZN012_ZN008_ZN012_ZN015_ZN009_ZN010	L14v:0359	NA	NA	NA	NA	Jeffreys197	NA
pr192	ZN001_ZN002_ZN003_ZN004_ZN004_ZN003_ZN003_ZN006_ZN012_ZN008_ZN009	L15v:0141	NA	NA	NA	NA	Jeffreys198	NA
pr193	ZN001_ZN002_ZN003_ZN004_ZN004_ZN003_ZN003_ZN006_ZN012_ZN008_ZN009_ZN010	Cv:0286	NA	NA	NA	NA	Jeffreys199	NA
pr194	ZN001_ZN002_ZN003_ZN004_ZN004_ZN003_ZN003_ZN006_ZN018_ZN006_ZN011_ZN008_ZN012_ZN015_ZN009_ZN010	L14v:0291	NA	NA	NA	NA	Jeffreys200	NA
pr195	ZN001_ZN002_ZN003_ZN004_ZN004_ZN003_ZN003_ZN006_zn007_ZN008_ZN006_ZN011_ZN008_ZN012_ZN008_ZN009	L15v:0173	NA	NA	NA	NA	Jeffreys201	NA
pr196	ZN001_ZN002_ZN003_ZN004_ZN004_ZN003_ZN003_ZN006_zn019_ZN006_ZN006_ZN011_ZN008_ZN012_ZN015_ZN009_ZN010	Rv:0343	NA	NA	NA	NA	Jeffreys202	NA
pr197	ZN001_ZN002_ZN003_ZN004_ZN004_ZN003_ZN003_ZN007_ZN006_ZN011_ZN008_ZN012_ZN008_ZN009	Rv:0142	NA	NA	NA	NA	Jeffreys203	NA
pr198	ZN001_ZN002_ZN003_ZN004_ZN004_ZN003_ZN003_ZN008_ZN009_ZN010	Cv:0280	NA	NA	NA	NA	Jeffreys204	NA
pr199	ZN001_ZN002_ZN003_ZN004_ZN004_ZN003_ZN003_ZN011_ZN008_ZN012_ZN008_ZN009_ZN010	Cv:0218	NA	NA	NA	NA	Jeffreys205	NA
pr200	ZN001_ZN002_ZN003_ZN004_ZN004_ZN003_ZN003_ZN012_ZN008_ZN009_ZN010	Cv:0282	NA	NA	NA	NA	Jeffreys206	NA
pr201	ZN001_ZN002_ZN003_ZN004_ZN004_ZN003_ZN003_ZN018_ZN004_ZN018_ZN003_ZN006_ZN011_ZN008_ZN012_ZN008_ZN009_ZN010	Rv:0380	NA	NA	NA	NA	Jeffreys207	NA
pr202	ZN001_ZN002_ZN003_ZN004_ZN004_ZN003_ZN003_zn004_ZN010	Cv:0193	NA	NA	NA	NA	Jeffreys208	NA
pr203	ZN001_ZN002_ZN003_ZN004_ZN004_ZN003_ZN003_zn008_ZN008_ZN006_zn025_ZN006_ZN011_ZN008_ZN012_ZN008_ZN009	L15v:0179	NA	NA	NA	NA	Jeffreys209	NA
pr204	ZN001_ZN002_ZN003_ZN004_ZN004_ZN003_ZN004_ZN004_ZN003_ZN003_ZN003_ZN006_ZN007_ZN008_ZN006_ZN010	L12v:0097	NA	NA	NA	NA	Jeffreys210	NA
pr205	ZN001_ZN002_ZN003_ZN004_ZN004_ZN003_ZN004_ZN004_ZN003_ZN003_ZN006_ZN011_ZN008_ZN012_ZN008_ZN009	L15v:0171	NA	NA	NA	NA	Jeffreys211	NA
pr206	ZN001_ZN002_ZN003_ZN004_ZN004_ZN003_ZN004_ZN004_ZN003_ZN003_ZN006_ZN011_ZN008_ZN012_ZN008_ZN009_ZN010	Cv:0307	NA	NA	NA	NA	Jeffreys212	NA
pr207	ZN001_ZN002_ZN003_ZN004_ZN004_ZN003_ZN004_ZN004_ZN003_ZN003_ZN006_ZN011_ZN008_ZN012_ZN015_ZN009_ZN010	L14v:0371	NA	NA	NA	NA	Jeffreys213	NA
pr208	ZN001_ZN002_ZN003_ZN004_ZN004_ZN003_ZN004_ZN004_ZN003_ZN008_ZN003_ZN006_ZN011_ZN008_ZN012_ZN015_ZN009_ZN010	L14v:0318	NA	NA	NA	NA	Jeffreys214	NA
pr209	ZN001_ZN002_ZN003_ZN004_ZN004_ZN003_ZN004_ZN004_ZN004_ZN003_ZN004_ZN004_ZN005_ZN003_ZN006_ZN007_ZN008_ZN006_ZN009_ZN010	Av:0052	NA	NA	NA	NA	Jeffreys215	NA
pr210	ZN001_ZN002_ZN003_ZN004_ZN004_ZN003_ZN004_ZN004_ZN005_ZN003_ZN006_ZN007_ZN008_ZN006_ZN009_ZN010	Av:0042	NA	NA	NA	NA	Jeffreys216	NA
pr211	ZN001_ZN002_ZN003_ZN004_ZN004_ZN003_ZN004_ZN004_ZN005_ZN005_ZN004_ZN004_ZN003_ZN004_ZN004_ZN005_ZN003_ZN006_ZN007_ZN008_ZN006_ZN009_ZN010	Av:0530	NA	NA	NA	NA	Jeffreys217	NA
pr212	ZN001_ZN002_ZN003_ZN004_ZN004_ZN003_ZN004_ZN004_ZN014_ZN003_ZN006_ZN007_ZN008_ZN006_ZN009_ZN010	Av:0168	NA	NA	NA	NA	Jeffreys218	NA
pr213	ZN001_ZN002_ZN003_ZN004_ZN004_ZN003_ZN004_ZN005_ZN003_ZN006_ZN007_ZN008_ZN006_ZN009_ZN010	Rv:0166	NA	NA	NA	NA	Jeffreys219	NA
pr214	ZN001_ZN002_ZN003_ZN004_ZN004_ZN003_ZN004_ZN018_ZN003_ZN006_ZN011_ZN008_ZN012_ZN008_ZN009_ZN010	Cv:0281	NA	NA	NA	NA	Jeffreys220	NA
pr215	ZN001_ZN002_ZN003_ZN004_ZN004_ZN003_ZN005_ZN003_ZN006_ZN007_ZN008_ZN006_ZN009_ZN010	Rv:0149	NA	NA	NA	NA	Jeffreys221	NA
pr216	ZN001_ZN002_ZN003_ZN004_ZN004_ZN003_ZN006_ZN007_zn011_ZN004_ZN004_ZN003_ZN005_ZN003_ZN006_ZN007_ZN008_ZN006_ZN009_ZN010	Rv:0098	NA	NA	NA	NA	Jeffreys223	NA
pr217	ZN001_ZN002_ZN003_ZN004_ZN004_ZN003_ZN006_ZN011_ZN008_ZN012_ZN008_ZN009	L15v:0161	NA	NA	NA	NA	Jeffreys224	NA
pr218	ZN001_ZN002_ZN003_ZN004_ZN004_ZN003_ZN006_ZN011_ZN008_ZN012_ZN008_ZN009_ZN010	Cv:0216	NA	NA	NA	NA	Jeffreys225	NA
pr219	ZN001_ZN002_ZN003_ZN004_ZN004_ZN003_ZN006_ZN011_ZN008_ZN012_ZN015_ZN009_ZN010	L14v:0304	NA	NA	NA	NA	Jeffreys226	NA
pr220	ZN001_ZN002_ZN003_ZN004_ZN004_ZN003_ZN012_ZN008_ZN009_ZN010	Cv:0199	NA	NA	NA	NA	Jeffreys227	NA
pr221	ZN001_ZN002_ZN003_ZN004_ZN004_ZN003_ZN018_ZN003_ZN006_ZN011_ZN008_ZN012_ZN008_ZN009_ZN010	L16v:0245	NA	NA	NA	NA	Jeffreys228	NA
pr222	ZN001_ZN002_ZN003_ZN004_ZN004_ZN003_ZN018_ZN003_ZN006_ZN011_ZN008_ZN012_ZN015_ZN009_ZN010	L14v:0370	NA	NA	NA	NA	Jeffreys229	NA
pr223	ZN001_ZN002_ZN003_ZN004_ZN004_ZN003_zn002_ZN003_ZN003_ZN006_ZN011_ZN008_ZN012_ZN008_ZN009_ZN010	Cv:0279	NA	NA	NA	NA	Jeffreys230	NA
pr224	ZN001_ZN002_ZN003_ZN004_ZN004_ZN003_zn002_ZN004_ZN003_ZN003_ZN006_ZN011_ZN008_ZN012_ZN008_ZN009	L15v:0172	NA	NA	NA	NA	Jeffreys231	NA
pr225	ZN001_ZN002_ZN003_ZN004_ZN004_ZN003_zn002_ZN005_ZN003_ZN006_ZN007_ZN008_ZN006_ZN009_ZN010	Rv:0093	NA	NA	NA	NA	Jeffreys232	NA
pr226	ZN001_ZN002_ZN003_ZN004_ZN004_ZN003_zn002_ZN018_ZN004_ZN004_ZN005_ZN003_ZN006_ZN007_ZN008_ZN006_ZN009_ZN010	Av:0088	NA	NA	NA	NA	Jeffreys233	NA
pr227	ZN001_ZN002_ZN003_ZN004_ZN004_ZN003_zn010_ZN003_ZN003_ZN006_ZN011_ZN008_ZN012_ZN008_ZN009_ZN010	Cv:0221	NA	NA	NA	NA	Jeffreys234	NA
pr228	ZN001_ZN002_ZN003_ZN004_ZN004_ZN003_zn010_ZN003_ZN006_ZN011_ZN008_ZN012_ZN015_ZN009_ZN010	L14v:0372	NA	NA	NA	NA	Jeffreys235	NA
pr229	ZN001_ZN002_ZN003_ZN004_ZN004_ZN004_ZN003_ZN003_ZN006_ZN007_ZN008_ZN006_ZN009_ZN010	Rv:0140	NA	NA	NA	NA	Jeffreys236	NA
pr230	ZN001_ZN002_ZN003_ZN004_ZN004_ZN004_ZN003_ZN003_ZN006_ZN011_ZN008_ZN012_ZN008_ZN009	L15v:0134	NA	NA	NA	NA	Jeffreys237	NA
pr231	ZN001_ZN002_ZN003_ZN004_ZN004_ZN004_ZN003_ZN003_ZN006_ZN011_ZN008_ZN012_ZN008_ZN009_ZN010	Cv:0192	NA	NA	NA	NA	Jeffreys238	NA
pr232	ZN001_ZN002_ZN003_ZN004_ZN004_ZN004_ZN003_ZN003_ZN006_ZN011_ZN008_ZN012_ZN015_ZN009_ZN010	L14v:0346	NA	NA	NA	NA	Jeffreys239	NA
pr233	ZN001_ZN002_ZN003_ZN004_ZN004_ZN004_ZN003_ZN004_ZN004_ZN005_ZN003_ZN006_ZN007_ZN008_ZN006_ZN009_ZN010	Av:0252	NA	NA	NA	NA	Jeffreys240	NA
pr234	ZN001_ZN002_ZN003_ZN004_ZN004_ZN004_ZN004_ZN003_ZN003_ZN006_ZN011_ZN008_ZN012_ZN008_ZN009_ZN010	Cv:0217	NA	NA	NA	NA	Jeffreys241	NA
pr235	ZN001_ZN002_ZN003_ZN004_ZN004_ZN004_ZN004_ZN003_ZN004_ZN004_ZN003_ZN003_ZN006_ZN011_ZN008_ZN012_ZN015_ZN009_ZN010	L14v:0384	NA	NA	NA	NA	Jeffreys242	NA
pr236	ZN001_ZN002_ZN003_ZN004_ZN004_ZN004_ZN004_ZN004_ZN003_ZN003_ZN006_ZN011_ZN008_ZN012_ZN008_ZN009_ZN010	Cv:0227	NA	NA	NA	NA	Jeffreys243	NA
pr237	ZN001_ZN002_ZN003_ZN004_ZN004_ZN004_ZN004_ZN005_ZN003_ZN006_ZN007_ZN008_ZN006_ZN009_ZN010	Av:0039	NA	NA	NA	NA	Jeffreys244	NA
pr238	ZN001_ZN002_ZN003_ZN004_ZN004_ZN004_ZN005_ZN003_ZN006_ZN011_ZN007_ZN008_ZN006_ZN009_ZN010	Dv:0430	NA	NA	NA	NA	Jeffreys246	NA
pr239	ZN001_ZN002_ZN003_ZN004_ZN004_ZN004_ZN006_ZN011_ZN008_ZN012_ZN008_ZN009_ZN010	Cv:0214	NA	NA	NA	NA	Jeffreys247	NA
pr240	ZN001_ZN002_ZN003_ZN004_ZN004_ZN004_ZN018_ZN003_ZN003_ZN006_ZN011_ZN008_ZN012_ZN008_ZN009_ZN010	Cv:0219	NA	NA	NA	NA	Jeffreys248	NA
pr241	ZN001_ZN002_ZN003_ZN004_ZN004_ZN004_ZN018_ZN003_zn002_ZN004_ZN018_ZN003_ZN006_ZN011_ZN008_ZN012_ZN008_ZN009_ZN010	Cv:0236	NA	NA	NA	NA	Jeffreys249	NA
pr242	ZN001_ZN002_ZN003_ZN004_ZN004_ZN004_ZN018_ZN004_ZN004_ZN003_ZN003_ZN006_ZN011_ZN008_ZN012_ZN008_ZN009_ZN010	Cv:0233	NA	NA	NA	NA	Jeffreys250	NA
pr243	ZN001_ZN002_ZN003_ZN004_ZN004_ZN004_ZN022_ZN018_ZN004_ZN004_ZN022_ZN003_ZN006_ZN007_ZN008_ZN006_ZN009_ZN010	L27v:0070	NA	NA	NA	NA	Jeffreys251	NA
pr244	ZN001_ZN002_ZN003_ZN004_ZN004_ZN004_zn010_ZN004_ZN004_ZN005_ZN003_ZN006_ZN011_ZN007_ZN008_ZN006_ZN009_ZN010	Dv:0431	NA	NA	NA	NA	Jeffreys252	NA
pr245	ZN001_ZN002_ZN003_ZN004_ZN004_ZN004_zn010_zn010_zn010_ZN004_ZN004_ZN003_ZN003_ZN006_ZN011_ZN008_ZN012_ZN015_ZN009_ZN010	L14v:0332	NA	NA	NA	NA	Jeffreys253	NA
pr246	ZN001_ZN002_ZN003_ZN004_ZN004_ZN005_ZN003_zn045_ZN004_ZN004_ZN005_ZN003_ZN006_ZN011_ZN007_ZN008_ZN006_ZN009_ZN010	Dv:0511	NA	NA	NA	NA	Jeffreys254	NA
pr247	ZN001_ZN002_ZN003_ZN004_ZN004_ZN005_ZN003_ZN003_ZN003_ZN006_ZN007_ZN008_ZN006_ZN009_ZN010	Av:0156	NA	NA	NA	NA	Jeffreys255	NA
pr248	ZN001_ZN002_ZN003_ZN004_ZN004_ZN005_ZN003_ZN003_ZN004_ZN005_ZN003_ZN003_ZN006_ZN020_ZN016_ZN006_ZN017_ZN010	L24v:0118	NA	NA	NA	NA	Jeffreys256	NA
pr249	ZN001_ZN002_ZN003_ZN004_ZN004_ZN005_ZN003_ZN003_ZN004_ZN005_ZN003_ZN006_ZN007_ZN008_ZN006_ZN009_ZN010	Av:0082	NA	NA	NA	NA	Jeffreys257	NA
pr250	ZN001_ZN002_ZN003_ZN004_ZN004_ZN005_ZN003_ZN003_ZN006_ZN007_ZN008_ZN006_ZN009_ZN010	Av:0031	NA	NA	NA	NA	Jeffreys258	NA
pr251	ZN001_ZN002_ZN003_ZN004_ZN004_ZN005_ZN003_ZN003_ZN006_ZN011_ZN007_ZN008_ZN006_ZN009_ZN010	Dv:0432	NA	NA	NA	NA	Jeffreys259	NA
pr252	ZN001_ZN002_ZN003_ZN004_ZN004_ZN005_ZN003_ZN003_ZN006_ZN011_ZN008_ZN012_ZN008_ZN009	Rv:0148	NA	NA	NA	NA	Jeffreys260	NA
pr253	ZN001_ZN002_ZN003_ZN004_ZN004_ZN005_ZN003_ZN004_ZN004_ZN005_ZN003_ZN006_ZN007_ZN008_ZN006_ZN009_ZN010	Av:0046	NA	NA	NA	NA	Jeffreys261	NA
pr254	ZN001_ZN002_ZN003_ZN004_ZN004_ZN005_ZN003_ZN004_ZN004_ZN005_ZN003_ZN006_ZN011_ZN007_ZN008_ZN006_ZN009_ZN010	Dv:0433	NA	NA	NA	NA	Jeffreys262	NA
pr255	ZN001_ZN002_ZN003_ZN004_ZN004_ZN005_ZN003_ZN004_ZN004_ZN005_ZN003_ZN006_ZN020_ZN016_ZN006_ZN017_ZN010	L24v:0113	NA	NA	NA	NA	Jeffreys263	NA
pr256	ZN001_ZN002_ZN003_ZN004_ZN004_ZN005_ZN003_ZN004_zn007_ZN011_ZN007_ZN008_ZN006_ZN009_ZN010	Dv:0434	NA	NA	NA	NA	Jeffreys264	NA
pr257	ZN001_ZN002_ZN003_ZN004_ZN004_ZN005_ZN003_ZN005_ZN003_ZN003_ZN006_ZN011_ZN008_ZN012_ZN008_ZN009_ZN010	Rv:0258	NA	NA	NA	NA	Jeffreys265	NA
pr258	ZN001_ZN002_ZN003_ZN004_ZN004_ZN005_ZN003_ZN005_ZN003_ZN006_ZN007_ZN008_ZN006_ZN009_ZN010	Av:0069	NA	NA	NA	NA	Jeffreys266	NA
pr259	ZN001_ZN002_ZN003_ZN004_ZN004_ZN005_ZN003_ZN006_ZN003_ZN006_ZN007_ZN011_ZN006_ZN017_ZN010	L20v:0058	NA	NA	NA	NA	Jeffreys267	NA
pr260	ZN001_ZN002_ZN003_ZN004_ZN004_ZN005_ZN003_ZN006_ZN003_ZN006_ZN011_ZN007_ZN008_ZN006_ZN009_ZN010	Dv:0468	NA	NA	NA	NA	Jeffreys268	NA
pr261	ZN001_ZN002_ZN003_ZN004_ZN004_ZN005_ZN003_ZN006_ZN004_ZN003_ZN006_ZN011_ZN007_ZN008_ZN006_ZN009_ZN010	Dv:0491	NA	NA	NA	NA	Jeffreys269	NA
pr262	ZN001_ZN002_ZN003_ZN004_ZN004_ZN005_ZN003_ZN006_ZN004_ZN004_ZN004_ZN005_ZN003_ZN006_ZN007_ZN008_ZN006_ZN009_ZN010	Av:0049	NA	NA	NA	NA	Jeffreys270	NA
pr263	ZN001_ZN002_ZN003_ZN004_ZN004_ZN005_ZN003_ZN006_ZN004_ZN005_ZN003_ZN006_ZN007_ZN008_ZN006_ZN009_ZN010	Av:0483	NA	NA	NA	NA	Jeffreys271	NA
pr264	ZN001_ZN002_ZN003_ZN004_ZN004_ZN005_ZN003_ZN006_ZN005_ZN005_ZN003_ZN006_ZN007_ZN008_ZN006_ZN009_ZN010	Av:0419	NA	NA	NA	NA	Jeffreys272	NA
pr265	ZN001_ZN002_ZN003_ZN004_ZN004_ZN005_ZN003_ZN006_ZN006_ZN007_ZN008_ZN006_ZN009_ZN010	Av:0033	NA	NA	NA	NA	Jeffreys273	NA
pr266	ZN001_ZN002_ZN003_ZN004_ZN004_ZN005_ZN003_ZN006_ZN006_ZN009_ZN010	Av:0015	NA	NA	NA	NA	Jeffreys274	NA
pr267	ZN001_ZN002_ZN003_ZN004_ZN004_ZN005_ZN003_ZN006_ZN006_ZN011_ZN007_ZN008_ZN006_ZN009_ZN010	Dv:0436	NA	NA	NA	NA	Jeffreys275	NA
pr268	ZN001_ZN002_ZN003_ZN004_ZN004_ZN005_ZN003_ZN006_ZN007_ZN003_ZN004_ZN004_ZN004_ZN005_ZN003_ZN006_ZN011_ZN007_ZN008_ZN006_ZN009_ZN010	Rv:0473	NA	NA	NA	NA	Jeffreys276	NA
pr269	ZN001_ZN002_ZN003_ZN004_ZN004_ZN005_ZN003_ZN006_ZN007_ZN003_ZN006_ZN007_ZN008_ZN006_ZN009_ZN010	Av:0360	NA	NA	NA	NA	Jeffreys277	NA
pr270	ZN001_ZN002_ZN003_ZN004_ZN004_ZN005_ZN003_ZN006_ZN007_ZN003_ZN006_ZN008_ZN006_ZN009_ZN010	Av:0342	NA	NA	NA	NA	Jeffreys278	NA
pr271	ZN001_ZN002_ZN003_ZN004_ZN004_ZN005_ZN003_ZN006_ZN007_ZN004_ZN004_ZN005_ZN003_ZN006_ZN011_ZN007_ZN008_ZN006_ZN009_ZN010	Rv:0457	NA	NA	NA	NA	Jeffreys279	NA
pr272	ZN001_ZN002_ZN003_ZN004_ZN004_ZN005_ZN003_ZN006_ZN007_ZN005_ZN003_ZN006_ZN007_ZN006_ZN007_ZN011_ZN006_ZN017_ZN010	L20v:0066	NA	NA	NA	NA	Jeffreys280	NA
pr273	ZN001_ZN002_ZN003_ZN004_ZN004_ZN005_ZN003_ZN006_ZN007_ZN006_ZN007_ZN006_ZN011_ZN007_ZN008_ZN006_ZN009_ZN010	Dv:0500	NA	NA	NA	NA	Jeffreys281	NA
pr274	ZN001_ZN002_ZN003_ZN004_ZN004_ZN005_ZN003_ZN006_ZN007_ZN006_ZN007_ZN008_ZN006_ZN009_ZN010	Av:0340	NA	NA	NA	NA	Jeffreys282	NA
pr275	ZN001_ZN002_ZN003_ZN004_ZN004_ZN005_ZN003_ZN006_ZN007_ZN006_ZN008_ZN006_ZN009_ZN010	Av:0129	NA	NA	NA	NA	Jeffreys283	NA
pr276	ZN001_ZN002_ZN003_ZN004_ZN004_ZN005_ZN003_ZN006_ZN007_ZN006_ZN009_ZN010	Av:0013	NA	NA	NA	NA	Jeffreys284	NA
pr277	ZN001_ZN002_ZN003_ZN004_ZN004_ZN005_ZN003_ZN006_ZN007_ZN007_ZN005_ZN003_ZN006_ZN007_ZN008_ZN006_ZN009_ZN010	Av:0496	NA	NA	NA	NA	Jeffreys285	NA
pr278	ZN001_ZN002_ZN003_ZN004_ZN004_ZN005_ZN003_ZN006_ZN007_ZN007_ZN007_ZN007_ZN007_ZN008_ZN006_ZN009_ZN007_ZN007_ZN007_ZN007_ZN007_ZN008_ZN006_ZN009_ZN010	Av:0540	NA	NA	NA	NA	Jeffreys286	NA
pr279	ZN001_ZN002_ZN003_ZN004_ZN004_ZN005_ZN003_ZN006_ZN007_ZN007_ZN007_ZN008_ZN006_ZN009_ZN010	Av:0041	NA	NA	NA	NA	Jeffreys287	NA
pr280	ZN001_ZN002_ZN003_ZN004_ZN004_ZN005_ZN003_ZN006_ZN007_ZN007_ZN007_ZN017_ZN003_ZN006_ZN011_ZN007_ZN008_ZN006_ZN009_ZN010	Rv:0459	NA	NA	NA	NA	Jeffreys288	NA
pr281	ZN001_ZN002_ZN003_ZN004_ZN004_ZN005_ZN003_ZN006_ZN007_ZN007_ZN008_ZN006_ZN009_ZN010	Av:0127	NA	NA	NA	NA	Jeffreys289	NA
pr282	ZN001_ZN002_ZN003_ZN004_ZN004_ZN005_ZN003_ZN006_ZN007_ZN008_zn028_ZN004_ZN004_ZN005_ZN003_ZN006_ZN011_ZN007_ZN008_ZN006_ZN009_ZN010	Rv:0474	NA	NA	NA	NA	Jeffreys290	NA
pr283	ZN001_ZN002_ZN003_ZN004_ZN004_ZN005_ZN003_ZN006_ZN007_ZN008_ZN004_ZN004_ZN005_ZN003_ZN006_ZN008_ZN004_ZN004_ZN005_ZN003_ZN006_ZN009_ZN010	Av:0532	NA	NA	NA	NA	Jeffreys291	NA
pr284	ZN001_ZN002_ZN003_ZN004_ZN004_ZN005_ZN003_ZN006_ZN007_ZN008_ZN004_ZN005_ZN003_ZN006_ZN004_ZN005_ZN003_ZN006_ZN007_ZN008_ZN006_ZN009_ZN010	Av:0476	NA	NA	NA	NA	Jeffreys292	NA
pr285	ZN001_ZN002_ZN003_ZN004_ZN004_ZN005_ZN003_ZN006_ZN007_ZN008_ZN006_zn037_ZN017_ZN017_ZN015_ZN009_ZN010	Rv:0349	NA	NA	NA	NA	Jeffreys293	NA
pr286	ZN001_ZN002_ZN003_ZN004_ZN004_ZN005_ZN003_ZN006_ZN007_ZN008_ZN006_ZN003_ZN006_ZN007_ZN008_ZN006_ZN006_ZN009_ZN010	Av:0507	NA	NA	NA	NA	Jeffreys294	NA
pr287	ZN001_ZN002_ZN003_ZN004_ZN004_ZN005_ZN003_ZN006_ZN007_ZN008_ZN006_ZN006_ZN009_ZN010	Av:0018	NA	NA	NA	NA	Jeffreys295	NA
pr288	ZN001_ZN002_ZN003_ZN004_ZN004_ZN005_ZN003_ZN006_ZN007_ZN008_ZN006_ZN007_ZN008_ZN006_ZN009_ZN010	Av:0044	NA	NA	NA	NA	Jeffreys296	NA
pr289	ZN001_ZN002_ZN003_ZN004_ZN004_ZN005_ZN003_ZN006_ZN007_ZN008_ZN006_ZN007_ZN011_ZN006_ZN009_ZN010	Av:0095	NA	NA	NA	NA	Jeffreys297	NA
pr290	ZN001_ZN002_ZN003_ZN004_ZN004_ZN005_ZN003_ZN006_ZN007_ZN008_ZN006_ZN007_ZN011_ZN006_ZN017_ZN010	Rv:0061	NA	NA	NA	NA	Jeffreys298	NA
pr291	ZN001_ZN002_ZN003_ZN004_ZN004_ZN005_ZN003_ZN006_ZN007_ZN008_ZN006_ZN008_ZN006_ZN007_ZN006_ZN009_ZN010	Av:0487	NA	NA	NA	NA	Jeffreys299	NA
pr292	ZN001_ZN002_ZN003_ZN004_ZN004_ZN005_ZN003_ZN006_ZN007_ZN008_ZN006_ZN008_ZN006_ZN009_ZN010	Av:0426	NA	NA	NA	NA	Jeffreys300	NA
pr293	ZN001_ZN002_ZN003_ZN004_ZN004_ZN005_ZN003_ZN006_ZN007_ZN008_ZN006_ZN008_zn004_ZN010	Av:0035	NA	NA	NA	NA	Jeffreys301	NA
pr294	ZN001_ZN002_ZN003_ZN004_ZN004_ZN005_ZN003_ZN006_ZN007_ZN008_ZN006_ZN008_zn011_ZN009_ZN010	Av:0083	NA	NA	NA	NA	Jeffreys302	NA
pr295	ZN001_ZN002_ZN003_ZN004_ZN004_ZN005_ZN003_ZN006_ZN007_ZN008_ZN006_ZN009	Av:0017	NA	NA	NA	NA	Jeffreys303	NA
pr296	ZN001_ZN002_ZN003_ZN004_ZN004_ZN005_ZN003_ZN006_ZN007_ZN008_ZN006_ZN009_ZN008_ZN006_ZN008_ZN006_ZN009_ZN010	Av:0048	NA	NA	NA	NA	Jeffreys304	NA
pr297	ZN001_ZN002_ZN003_ZN004_ZN004_ZN005_ZN003_ZN006_ZN007_ZN008_ZN006_ZN009_ZN008_ZN006_ZN009_ZN008_ZN006_ZN009_ZN010	Av:0051	NA	NA	NA	NA	Jeffreys305	NA
pr298	ZN001_ZN002_ZN003_ZN004_ZN004_ZN005_ZN003_ZN006_ZN007_ZN008_ZN006_ZN009_ZN010_ZN010	Av:0036	NA	NA	NA	NA	Jeffreys307	NA
pr299	ZN001_ZN002_ZN003_ZN004_ZN004_ZN005_ZN003_ZN006_ZN007_ZN008_ZN006_ZN009_ZN010_zn007_ZN007_ZN008_ZN009_ZN010	Av:0499	NA	NA	NA	NA	Jeffreys308	NA
pr300	ZN001_ZN002_ZN003_ZN004_ZN004_ZN005_ZN003_ZN006_ZN007_ZN008_ZN006_ZN009_ZN017_ZN006_ZN007_ZN008_ZN006_ZN009_ZN010	Av:0509	NA	NA	NA	NA	Jeffreys309	NA
pr301	ZN001_ZN002_ZN003_ZN004_ZN004_ZN005_ZN003_ZN006_ZN007_ZN008_ZN006_ZN009_ZN017_ZN009_ZN010	Av:0428	NA	NA	NA	NA	Jeffreys310	NA
pr302	ZN001_ZN002_ZN003_ZN004_ZN004_ZN005_ZN003_ZN006_ZN007_ZN008_ZN006_ZN009_zn004_ZN010	Av:0037	NA	NA	NA	NA	Jeffreys311	NA
pr303	ZN001_ZN002_ZN003_ZN004_ZN004_ZN005_ZN003_ZN006_ZN007_ZN008_ZN006_ZN009_zn023_ZN010	Rv:0146	NA	NA	NA	NA	Jeffreys312	NA
pr304	ZN001_ZN002_ZN003_ZN004_ZN004_ZN005_ZN003_ZN006_ZN007_ZN008_ZN006_ZN009_zn024_ZN008_ZN006_ZN009_ZN010	Av:0254	NA	NA	NA	NA	Jeffreys313	NA
pr305	ZN001_ZN002_ZN003_ZN004_ZN004_ZN005_ZN003_ZN006_ZN007_ZN008_ZN006_ZN010	Av:0016	NA	NA	NA	NA	Jeffreys314	NA
pr306	ZN001_ZN002_ZN003_ZN004_ZN004_ZN005_ZN003_ZN006_ZN007_ZN008_ZN006_ZN011_ZN006_ZN009_ZN010	Rv:0064	NA	NA	NA	NA	Jeffreys315	NA
pr307	ZN001_ZN002_ZN003_ZN004_ZN004_ZN005_ZN003_ZN006_ZN007_ZN008_ZN006_ZN015_ZN011_ZN012_ZN015_ZN009_ZN010	Rv:0347	NA	NA	NA	NA	Jeffreys316	NA
pr308	ZN001_ZN002_ZN003_ZN004_ZN004_ZN005_ZN003_ZN006_ZN007_ZN008_ZN006_ZN017_ZN006_ZN003_ZN011_ZN007_ZN008_ZN006_ZN009_ZN010	Rv:0461	NA	NA	NA	NA	Jeffreys317	NA
pr309	ZN001_ZN002_ZN003_ZN004_ZN004_ZN005_ZN003_ZN006_ZN007_ZN008_ZN006_ZN017_ZN006_ZN006_ZN007_ZN008_ZN006_ZN009_ZN010	Av:0443	NA	NA	NA	NA	Jeffreys318	NA
pr310	ZN001_ZN002_ZN003_ZN004_ZN004_ZN005_ZN003_ZN006_ZN007_ZN008_ZN006_ZN017_ZN006_ZN009_ZN010	Av:0054	NA	NA	NA	NA	Jeffreys319	NA
pr311	ZN001_ZN002_ZN003_ZN004_ZN004_ZN005_ZN003_ZN006_ZN007_ZN008_ZN006_ZN017_ZN006_ZN017_ZN009_ZN010	Av:0466	NA	NA	NA	NA	Jeffreys320	NA
pr312	ZN001_ZN002_ZN003_ZN004_ZN004_ZN005_ZN003_ZN006_ZN007_ZN008_ZN006_ZN017_ZN007_ZN008_ZN006_ZN009_ZN010	Av:0109	NA	NA	NA	NA	Jeffreys321	NA
pr313	ZN001_ZN002_ZN003_ZN004_ZN004_ZN005_ZN003_ZN006_ZN007_ZN008_ZN006_ZN017_ZN007_ZN008_ZN006_ZN017_ZN006_ZN009_ZN010	Av:0050	NA	NA	NA	NA	Jeffreys322	NA
pr314	ZN001_ZN002_ZN003_ZN004_ZN004_ZN005_ZN003_ZN006_ZN007_ZN008_ZN006_ZN017_ZN008_ZN006_ZN009_ZN010	Av:0102	NA	NA	NA	NA	Jeffreys323	NA
pr315	ZN001_ZN002_ZN003_ZN004_ZN004_ZN005_ZN003_ZN006_ZN007_ZN008_ZN006_ZN017_ZN008_ZN009_ZN010	Rv:0257	NA	NA	NA	NA	Jeffreys324	NA
pr316	ZN001_ZN002_ZN003_ZN004_ZN004_ZN005_ZN003_ZN006_ZN007_ZN008_ZN006_ZN017_ZN008_ZN012_ZN015_ZN009_ZN010	Rv:0350	NA	NA	NA	NA	Jeffreys325	NA
pr317	ZN001_ZN002_ZN003_ZN004_ZN004_ZN005_ZN003_ZN006_ZN007_ZN008_ZN006_ZN017_ZN009_ZN010	Av:0034	NA	NA	NA	NA	Jeffreys326	NA
pr318	ZN001_ZN002_ZN003_ZN004_ZN004_ZN005_ZN003_ZN006_ZN007_ZN008_ZN006_ZN017_ZN017_ZN008_ZN006_zn043_ZN009_ZN010	Av:0498	NA	NA	NA	NA	Jeffreys327	NA
pr319	ZN001_ZN002_ZN003_ZN004_ZN004_ZN005_ZN003_ZN006_ZN007_ZN008_ZN006_ZN017_ZN017_ZN009_ZN010	Av:0243	NA	NA	NA	NA	Jeffreys328	NA
pr320	ZN001_ZN002_ZN003_ZN004_ZN004_ZN005_ZN003_ZN006_ZN007_ZN008_ZN006_ZN017_zn022_ZN009_ZN010	Av:0506	NA	NA	NA	NA	Jeffreys329	NA
pr321	ZN001_ZN002_ZN003_ZN004_ZN004_ZN005_ZN003_ZN006_ZN007_ZN008_ZN006_zn004_ZN004_ZN003_ZN006_ZN004_ZN005_ZN003_ZN006_ZN007_ZN008_ZN006_ZN009_ZN010	Av:0538	NA	NA	NA	NA	Jeffreys330	NA
pr322	ZN001_ZN002_ZN003_ZN004_ZN004_ZN005_ZN003_ZN006_ZN007_ZN008_ZN007_ZN008_ZN006_ZN009_ZN010	Av:0103	NA	NA	NA	NA	Jeffreys331	NA
pr323	ZN001_ZN002_ZN003_ZN004_ZN004_ZN005_ZN003_ZN006_ZN007_ZN008_ZN007_ZN008_ZN007_ZN007_ZN011_ZN007_ZN008_ZN006_ZN009_ZN010	Rv:0519	NA	NA	NA	NA	Jeffreys332	NA
pr324	ZN001_ZN002_ZN003_ZN004_ZN004_ZN005_ZN003_ZN006_ZN007_ZN008_ZN007_ZN011_ZN007_ZN008_ZN006_ZN009_ZN010	Rv:0429	NA	NA	NA	NA	Jeffreys333	NA
pr325	ZN001_ZN002_ZN003_ZN004_ZN004_ZN005_ZN003_ZN006_ZN007_ZN008_ZN008_ZN006_ZN017_ZN008_ZN006_ZN009_ZN010	Av:0485	NA	NA	NA	NA	Jeffreys335	NA
pr326	ZN001_ZN002_ZN003_ZN004_ZN004_ZN005_ZN003_ZN006_ZN007_ZN008_ZN008_ZN007_ZN008_ZN007_ZN008_ZN008_ZN006_ZN009_ZN010	Av:0505	NA	NA	NA	NA	Jeffreys336	NA
pr327	ZN001_ZN002_ZN003_ZN004_ZN004_ZN005_ZN003_ZN006_ZN007_ZN008_ZN008_ZN012_ZN006_ZN009_ZN010	Rv:0403	NA	NA	NA	NA	Jeffreys337	NA
pr328	ZN001_ZN002_ZN003_ZN004_ZN004_ZN005_ZN003_ZN006_ZN007_ZN008_ZN011_ZN007_ZN008_ZN006_ZN009_ZN010	Rv:0542	NA	NA	NA	NA	Jeffreys339	NA
pr329	ZN001_ZN002_ZN003_ZN004_ZN004_ZN005_ZN003_ZN006_ZN007_ZN008_zn002_ZN004_ZN005_ZN003_ZN006_ZN011_ZN007_ZN008_ZN006_ZN009_ZN010	Rv:0469	NA	NA	NA	NA	Jeffreys340	NA
pr330	ZN001_ZN002_ZN003_ZN004_ZN004_ZN005_ZN003_ZN006_ZN007_ZN008_zn004	Av:0137	NA	NA	NA	NA	Jeffreys341	NA
pr331	ZN001_ZN002_ZN003_ZN004_ZN004_ZN005_ZN003_ZN006_ZN007_ZN008_zn004_ZN010	Av:0053	NA	NA	NA	NA	Jeffreys342	NA
pr332	ZN001_ZN002_ZN003_ZN004_ZN004_ZN005_ZN003_ZN006_ZN007_ZN008_zn008_ZN004_ZN004_ZN005_ZN003_ZN006_ZN007_ZN008_ZN006_ZN007_ZN008_ZN006_ZN009_ZN010	Av:0536	NA	NA	NA	NA	Jeffreys343	NA
pr333	ZN001_ZN002_ZN003_ZN004_ZN004_ZN005_ZN003_ZN006_ZN007_ZN008_zn008_ZN004_ZN004_ZN005_ZN003_ZN006_ZN007_ZN008_ZN006_ZN009_ZN010	Av:0464	NA	NA	NA	NA	Jeffreys344	NA
pr334	ZN001_ZN002_ZN003_ZN004_ZN004_ZN005_ZN003_ZN006_ZN007_ZN008_zn008_ZN017_ZN007_ZN011_ZN006_ZN009_ZN010	Rv:0063	NA	NA	NA	NA	Jeffreys345	NA
pr335	ZN001_ZN002_ZN003_ZN004_ZN004_ZN005_ZN003_ZN006_ZN007_ZN008_zn011_zn028_ZN011_ZN007_ZN008_ZN006_ZN009_ZN010	Rv:0504	NA	NA	NA	NA	Jeffreys346	NA
pr336	ZN001_ZN002_ZN003_ZN004_ZN004_ZN005_ZN003_ZN006_ZN007_ZN008_zn011_ZN006_ZN006_ZN009_ZN010	Av:0344	NA	NA	NA	NA	Jeffreys347	NA
pr337	ZN001_ZN002_ZN003_ZN004_ZN004_ZN005_ZN003_ZN006_ZN007_ZN009_ZN010	Av:0135	NA	NA	NA	NA	Jeffreys348	NA
pr338	ZN001_ZN002_ZN003_ZN004_ZN004_ZN005_ZN003_ZN006_ZN007_ZN011_ZN005_ZN003_ZN006_ZN007_ZN008_ZN006_ZN009_ZN010	Rv:0503	NA	NA	NA	NA	Jeffreys349	NA
pr339	ZN001_ZN002_ZN003_ZN004_ZN004_ZN005_ZN003_ZN006_ZN007_ZN011_ZN006_ZN006_ZN006_ZN017_ZN010	L20v:0062	NA	NA	NA	NA	Jeffreys350	NA
pr340	ZN001_ZN002_ZN003_ZN004_ZN004_ZN005_ZN003_ZN006_ZN007_ZN011_ZN006_ZN007_ZN011_ZN017_ZN010	L20v:0060	NA	NA	NA	NA	Jeffreys351	NA
pr341	ZN001_ZN002_ZN003_ZN004_ZN004_ZN005_ZN003_ZN006_ZN007_ZN011_ZN006_ZN011_ZN007_ZN008_ZN006_ZN009_ZN010	Rv:0494	NA	NA	NA	NA	Jeffreys352	NA
pr342	ZN001_ZN002_ZN003_ZN004_ZN004_ZN005_ZN003_ZN006_ZN007_ZN011_ZN006_ZN017_ZN011_ZN006_ZN017_ZN010	L20v:0059	NA	NA	NA	NA	Jeffreys354	NA
pr343	ZN001_ZN002_ZN003_ZN004_ZN004_ZN005_ZN003_ZN006_ZN007_ZN011_ZN007_ZN008_ZN006_ZN009_ZN010	Rv:0458	NA	NA	NA	NA	Jeffreys355	NA
pr344	ZN001_ZN002_ZN003_ZN004_ZN004_ZN005_ZN003_ZN006_ZN007_ZN012_ZN008_ZN008_ZN006_ZN009_ZN010	Rv:0255	NA	NA	NA	NA	Jeffreys356	NA
pr345	ZN001_ZN002_ZN003_ZN004_ZN004_ZN005_ZN003_ZN006_ZN007_ZN016_zn013_ZN008_ZN006_ZN009_ZN010	Rv:0116	NA	NA	NA	NA	Jeffreys357	NA
pr346	ZN001_ZN002_ZN003_ZN004_ZN004_ZN005_ZN003_ZN006_ZN007_zn007_ZN006_ZN007_ZN011_ZN006_ZN017_ZN010	L20v:0057	NA	NA	NA	NA	Jeffreys358	NA
pr347	ZN001_ZN002_ZN003_ZN004_ZN004_ZN005_ZN003_ZN006_ZN007_zn007_ZN006_ZN009_ZN006_ZN017_zn004_ZN011_ZN017_ZN009_ZN010	Rv:0515	NA	NA	NA	NA	Jeffreys359	NA
pr348	ZN001_ZN002_ZN003_ZN004_ZN004_ZN005_ZN003_ZN006_ZN007_zn007_zn007_ZN011_ZN007_ZN008_ZN006_ZN009_ZN010	Dv:0422	NA	NA	NA	NA	Jeffreys360	NA
pr349	ZN001_ZN002_ZN003_ZN004_ZN004_ZN005_ZN003_ZN006_ZN007_zn011_ZN003_ZN006_ZN007_ZN008_ZN006_ZN009_ZN010	Av:0484	NA	NA	NA	NA	Jeffreys361	NA
pr350	ZN001_ZN002_ZN003_ZN004_ZN004_ZN005_ZN003_ZN006_ZN007_zn013_ZN007_ZN008_ZN006_ZN009_ZN010	Rv:0114	NA	NA	NA	NA	Jeffreys362	NA
pr351	ZN001_ZN002_ZN003_ZN004_ZN004_ZN005_ZN003_ZN006_ZN007_zn015_ZN007_ZN007_ZN006_ZN007_zn011_ZN006_ZN020_ZN016_ZN006_ZN009_ZN010	Rv:0120	NA	NA	NA	NA	Jeffreys363	NA
pr352	ZN001_ZN002_ZN003_ZN004_ZN004_ZN005_ZN003_ZN006_ZN007_zn017	Av:0130	NA	NA	NA	NA	Jeffreys364	NA
pr353	ZN001_ZN002_ZN003_ZN004_ZN004_ZN005_ZN003_ZN006_ZN007_zn017_ZN010	Av:0486	NA	NA	NA	NA	Jeffreys365	NA
pr354	ZN001_ZN002_ZN003_ZN004_ZN004_ZN005_ZN003_ZN006_ZN008_ZN005_ZN003_ZN006_ZN006_ZN007_ZN008_ZN006_ZN009_ZN010	Av:0352	NA	NA	NA	NA	Jeffreys366	NA
pr355	ZN001_ZN002_ZN003_ZN004_ZN004_ZN005_ZN003_ZN006_ZN008_ZN006_ZN009_ZN010	Av:0011	NA	NA	NA	NA	Jeffreys367	NA
pr356	ZN001_ZN002_ZN003_ZN004_ZN004_ZN005_ZN003_ZN006_ZN008_ZN009_ZN010	Uv:0488	NA	NA	NA	NA	Jeffreys368	NA
pr357	ZN001_ZN002_ZN003_ZN004_ZN004_ZN005_ZN003_ZN006_ZN008_zn017_ZN003_ZN008_ZN008_ZN008_ZN008_ZN003_ZN011_ZN007_ZN008_ZN006_ZN009_ZN010	Dv:0471	NA	NA	NA	NA	Jeffreys369	NA
pr358	ZN001_ZN002_ZN003_ZN004_ZN004_ZN005_ZN003_ZN006_ZN011_ZN003_ZN006_ZN007_ZN008_ZN006_ZN009_ZN010	Rv:0248	NA	NA	NA	NA	Jeffreys371	NA
pr359	ZN001_ZN002_ZN003_ZN004_ZN004_ZN005_ZN003_ZN006_ZN011_ZN004_ZN004_ZN005_ZN003_ZN006_ZN011_ZN007_ZN008_ZN006_ZN009_ZN010	Dv:0451	NA	NA	NA	NA	Jeffreys372	NA
pr360	ZN001_ZN002_ZN003_ZN004_ZN004_ZN005_ZN003_ZN006_ZN011_ZN006_ZN006_ZN007_ZN008_ZN006_ZN009_ZN010	Rv:0369	NA	NA	NA	NA	Jeffreys373	NA
pr361	ZN001_ZN002_ZN003_ZN004_ZN004_ZN005_ZN003_ZN006_ZN011_ZN006_ZN007_ZN008_ZN006_ZN009_ZN010	Rv:0460	NA	NA	NA	NA	Jeffreys374	NA
pr362	ZN001_ZN002_ZN003_ZN004_ZN004_ZN005_ZN003_ZN006_ZN011_ZN007_zn044_ZN006_ZN011_ZN007_ZN008_ZN006_ZN009_ZN010	Dv:0437	NA	NA	NA	NA	Jeffreys375	NA
pr363	ZN001_ZN002_ZN003_ZN004_ZN004_ZN005_ZN003_ZN006_ZN011_ZN007_ZN004_ZN004_ZN005_ZN003_ZN006_ZN011_ZN007_ZN008_ZN006_ZN009_ZN010	Dv:0522	NA	NA	NA	NA	Jeffreys376	NA
pr364	ZN001_ZN002_ZN003_ZN004_ZN004_ZN005_ZN003_ZN006_ZN011_ZN007_ZN005_ZN003_ZN006_ZN011_ZN007_ZN008_ZN006_ZN009_ZN010	Dv:0513	NA	NA	NA	NA	Jeffreys377	NA
pr365	ZN001_ZN002_ZN003_ZN004_ZN004_ZN005_ZN003_ZN006_ZN011_ZN007_ZN006_ZN004_ZN005_ZN003_ZN006_ZN011_ZN007_ZN008_ZN006_ZN009_ZN010	Dv:0523	NA	NA	NA	NA	Jeffreys378	NA
pr366	ZN001_ZN002_ZN003_ZN004_ZN004_ZN005_ZN003_ZN006_ZN011_ZN007_ZN006_ZN006_ZN008_ZN006_ZN009_ZN010	Dv:0477	NA	NA	NA	NA	Jeffreys379	NA
pr367	ZN001_ZN002_ZN003_ZN004_ZN004_ZN005_ZN003_ZN006_ZN011_ZN007_ZN006_ZN007_ZN008_ZN006_ZN009_ZN010	Rv:0481	NA	NA	NA	NA	Jeffreys380	NA
pr368	ZN001_ZN002_ZN003_ZN004_ZN004_ZN005_ZN003_ZN006_ZN011_ZN007_ZN006_ZN008_ZN006_ZN008_ZN006_ZN009_ZN010	Dv:0423	NA	NA	NA	NA	Jeffreys381	NA
pr369	ZN001_ZN002_ZN003_ZN004_ZN004_ZN005_ZN003_ZN006_ZN011_ZN007_ZN007_ZN008_ZN006_ZN009_ZN010	Dv:0440	NA	NA	NA	NA	Jeffreys382	NA
pr370	ZN001_ZN002_ZN003_ZN004_ZN004_ZN005_ZN003_ZN006_ZN011_ZN007_ZN008_ZN002_ZN003_ZN004_ZN004_ZN005_ZN003_ZN006_ZN007_ZN008_ZN006_ZN009_ZN010	Rv:0480	NA	NA	NA	NA	Jeffreys383	NA
pr371	ZN001_ZN002_ZN003_ZN004_ZN004_ZN005_ZN003_ZN006_ZN011_ZN007_ZN008_ZN002_ZN003_ZN004_ZN004_ZN005_ZN003_ZN006_ZN011_ZN007_ZN006_ZN009_ZN010	Dv:0534	NA	NA	NA	NA	Jeffreys384	NA
pr372	ZN001_ZN002_ZN003_ZN004_ZN004_ZN005_ZN003_ZN006_ZN011_ZN007_ZN008_ZN004_ZN004_ZN005_ZN003_ZN006_ZN011_ZN007_ZN008_ZN006_ZN009_ZN010	Dv:0526	NA	NA	NA	NA	Jeffreys385	NA
pr373	ZN001_ZN002_ZN003_ZN004_ZN004_ZN005_ZN003_ZN006_ZN011_ZN007_ZN008_ZN005_ZN003_ZN006_ZN007_ZN008_ZN006_ZN009_ZN010	Rv:0447	NA	NA	NA	NA	Jeffreys386	NA
pr374	ZN001_ZN002_ZN003_ZN004_ZN004_ZN005_ZN003_ZN006_ZN011_ZN007_ZN008_ZN006_ZN003_ZN006_ZN007_ZN008_ZN006_ZN009_ZN010	Rv:0449	NA	NA	NA	NA	Jeffreys387	NA
pr375	ZN001_ZN002_ZN003_ZN004_ZN004_ZN005_ZN003_ZN006_ZN011_ZN007_ZN008_ZN006_ZN003_ZN006_ZN011_ZN007_ZN008_ZN006_ZN009_ZN010	Dv:0517	NA	NA	NA	NA	Jeffreys388	NA
pr376	ZN001_ZN002_ZN003_ZN004_ZN004_ZN005_ZN003_ZN006_ZN011_ZN007_ZN008_ZN006_ZN006_ZN009_ZN010	Dv:0448	NA	NA	NA	NA	Jeffreys389	NA
pr377	ZN001_ZN002_ZN003_ZN004_ZN004_ZN005_ZN003_ZN006_ZN011_ZN007_ZN008_ZN006_ZN007_ZN008_ZN006_ZN007_ZN008_ZN006_ZN009_ZN010	Dv:0453	NA	NA	NA	NA	Jeffreys390	NA
pr378	ZN001_ZN002_ZN003_ZN004_ZN004_ZN005_ZN003_ZN006_ZN011_ZN007_ZN008_ZN006_ZN007_ZN008_ZN006_ZN009_ZN010	Dv:0425	NA	NA	NA	NA	Jeffreys391	NA
pr379	ZN001_ZN002_ZN003_ZN004_ZN004_ZN005_ZN003_ZN006_ZN011_ZN007_ZN008_ZN006_ZN008_ZN006_ZN009_ZN010	Dv:0537	NA	NA	NA	NA	Jeffreys392	NA
pr380	ZN001_ZN002_ZN003_ZN004_ZN004_ZN005_ZN003_ZN006_ZN011_ZN007_ZN008_ZN006_ZN009_ZN007_ZN006_ZN007_ZN008_ZN006_ZN007_ZN008_ZN006_ZN009_ZN010	Rv:0482	NA	NA	NA	NA	Jeffreys393	NA
pr381	ZN001_ZN002_ZN003_ZN004_ZN004_ZN005_ZN003_ZN006_ZN011_ZN007_ZN008_ZN006_ZN009_ZN011_ZN011_ZN007_ZN008_ZN006_ZN009_ZN010	Dv:0455	NA	NA	NA	NA	Jeffreys395	NA
pr382	ZN001_ZN002_ZN003_ZN004_ZN004_ZN005_ZN003_ZN006_ZN011_ZN007_ZN008_ZN006_ZN009_zn024_ZN005_ZN003_ZN006_ZN011_ZN007_ZN008_ZN006_ZN009_ZN010	Dv:0478	NA	NA	NA	NA	Jeffreys396	NA
pr383	ZN001_ZN002_ZN003_ZN004_ZN004_ZN005_ZN003_ZN006_ZN011_ZN007_ZN008_ZN006_ZN017_ZN006_ZN006_ZN011_ZN007_ZN008_ZN006_ZN009_ZN010	Dv:0467	NA	NA	NA	NA	Jeffreys397	NA
pr384	ZN001_ZN002_ZN003_ZN004_ZN004_ZN005_ZN003_ZN006_ZN011_ZN007_ZN008_ZN006_ZN017_ZN006_ZN017_ZN006_ZN009_ZN010	Dv:0502	NA	NA	NA	NA	Jeffreys398	NA
pr385	ZN001_ZN002_ZN003_ZN004_ZN004_ZN005_ZN003_ZN006_ZN011_ZN007_ZN008_ZN006_ZN017_ZN007_ZN008_ZN006_ZN009_ZN010	Dv:0441	NA	NA	NA	NA	Jeffreys399	NA
pr386	ZN001_ZN002_ZN003_ZN004_ZN004_ZN005_ZN003_ZN006_ZN011_ZN007_ZN008_ZN006_ZN017_ZN008_ZN009_ZN010	Dv:0539	NA	NA	NA	NA	Jeffreys400	NA
pr387	ZN001_ZN002_ZN003_ZN004_ZN004_ZN005_ZN003_ZN006_ZN011_ZN007_ZN008_ZN006_ZN017_ZN009_ZN010	Dv:0450	NA	NA	NA	NA	Jeffreys401	NA
pr388	ZN001_ZN002_ZN003_ZN004_ZN004_ZN005_ZN003_ZN006_ZN011_ZN007_ZN008_ZN006_ZN017_zn007_ZN007_ZN008_ZN006_ZN009_ZN010	Dv:0445	NA	NA	NA	NA	Jeffreys402	NA
pr389	ZN001_ZN002_ZN003_ZN004_ZN004_ZN005_ZN003_ZN006_ZN011_ZN007_ZN008_ZN006_zn022_ZN017_ZN009_ZN010	Dv:0541	NA	NA	NA	NA	Jeffreys403	NA
pr390	ZN001_ZN002_ZN003_ZN004_ZN004_ZN005_ZN003_ZN006_ZN011_ZN007_ZN008_ZN007_ZN007_ZN008_ZN011_ZN008_ZN006_ZN009_ZN010	Dv:0514	NA	NA	NA	NA	Jeffreys404	NA
pr391	ZN001_ZN002_ZN003_ZN004_ZN004_ZN005_ZN003_ZN006_ZN011_ZN007_ZN008_ZN007_ZN011_ZN007_ZN008_ZN006_ZN009_ZN010	Dv:0439	NA	NA	NA	NA	Jeffreys405	NA
pr392	ZN001_ZN002_ZN003_ZN004_ZN004_ZN005_ZN003_ZN006_ZN011_ZN007_ZN008_ZN008_ZN006_ZN009_ZN010	Dv:0444	NA	NA	NA	NA	Jeffreys406	NA
pr393	ZN001_ZN002_ZN003_ZN004_ZN004_ZN005_ZN003_ZN006_ZN011_ZN007_ZN008_ZN008_ZN008_ZN006_ZN009_ZN010	Dv:0533	NA	NA	NA	NA	Jeffreys407	NA
pr394	ZN001_ZN002_ZN003_ZN004_ZN004_ZN005_ZN003_ZN006_ZN011_ZN007_ZN008_ZN011_ZN006_ZN009_ZN010	Dv:0521	NA	NA	NA	NA	Jeffreys408	NA
pr395	ZN001_ZN002_ZN003_ZN004_ZN004_ZN005_ZN003_ZN006_ZN011_ZN007_ZN008_ZN017_ZN008_ZN006_ZN009_ZN010	Dv:0479	NA	NA	NA	NA	Jeffreys409	NA
pr396	ZN001_ZN002_ZN003_ZN004_ZN004_ZN005_ZN003_ZN006_ZN011_ZN007_ZN008_ZN017_ZN009_ZN006_ZN009_ZN010	Dv:0535	NA	NA	NA	NA	Jeffreys410	NA
pr397	ZN001_ZN002_ZN003_ZN004_ZN004_ZN005_ZN003_ZN006_ZN011_ZN007_ZN008_zn004_ZN006_ZN006_ZN003_ZN006_ZN011_ZN007_ZN008_ZN006_ZN009_ZN010	Dv:0528	NA	NA	NA	NA	Jeffreys411	NA
pr398	ZN001_ZN002_ZN003_ZN004_ZN004_ZN005_ZN003_ZN006_ZN011_ZN007_ZN008_zn004_ZN007_ZN008_ZN006_ZN009_ZN010	Dv:0493	NA	NA	NA	NA	Jeffreys412	NA
pr399	ZN001_ZN002_ZN003_ZN004_ZN004_ZN005_ZN003_ZN006_ZN011_ZN007_ZN008_zn007_ZN006_ZN009_ZN010	Dv:0446	NA	NA	NA	NA	Jeffreys413	NA
pr400	ZN001_ZN002_ZN003_ZN004_ZN004_ZN005_ZN003_ZN006_ZN011_ZN007_ZN008_zn008_zn008_zn008_ZN006_ZN009_ZN010	Dv:0492	NA	NA	NA	NA	Jeffreys414	NA
pr401	ZN001_ZN002_ZN003_ZN004_ZN004_ZN005_ZN003_ZN006_ZN011_ZN007_ZN011_ZN006_ZN008_ZN006_ZN009_ZN010	Dv:0531	NA	NA	NA	NA	Jeffreys415	NA
pr402	ZN001_ZN002_ZN003_ZN004_ZN004_ZN005_ZN003_ZN006_ZN011_ZN007_ZN011_ZN007_ZN008_ZN006_ZN009_ZN010	Dv:0475	NA	NA	NA	NA	Jeffreys416	NA
pr403	ZN001_ZN002_ZN003_ZN004_ZN004_ZN005_ZN003_ZN006_ZN011_ZN007_ZN021_ZN008_ZN006_ZN009_ZN010	Dv:0442	NA	NA	NA	NA	Jeffreys417	NA
pr404	ZN001_ZN002_ZN003_ZN004_ZN004_ZN005_ZN003_ZN006_ZN011_ZN007_zn011_zn007_zn011_ZN003_ZN011_ZN007_ZN008_ZN006_ZN009_ZN010	Dv:0518	NA	NA	NA	NA	Jeffreys418	NA
pr405	ZN001_ZN002_ZN003_ZN004_ZN004_ZN005_ZN003_ZN006_ZN011_ZN008_ZN006_ZN007_ZN008_ZN006_ZN009_ZN010	Dv:0472	NA	NA	NA	NA	Jeffreys419	NA
pr406	ZN001_ZN002_ZN003_ZN004_ZN004_ZN005_ZN003_ZN006_ZN011_ZN008_ZN006_ZN011_ZN006_ZN011_ZN007_ZN006_ZN011_ZN007_ZN008_ZN006_ZN009_ZN010	Dv:0525	NA	NA	NA	NA	Jeffreys420	NA
pr407	ZN001_ZN002_ZN003_ZN004_ZN004_ZN005_ZN003_ZN006_ZN011_ZN011_ZN007_ZN008_ZN006_ZN009_ZN010	Dv:0438	NA	NA	NA	NA	Jeffreys421	NA
pr408	ZN001_ZN002_ZN003_ZN004_ZN004_ZN005_ZN003_ZN006_ZN011_zn007_ZN008_ZN006_ZN007_ZN008_ZN006_ZN009_ZN010	Rv:0427	NA	NA	NA	NA	Jeffreys422	NA
pr409	ZN001_ZN002_ZN003_ZN004_ZN004_ZN005_ZN003_ZN006_ZN011_zn007_ZN009_ZN010	Dv:0497	NA	NA	NA	NA	Jeffreys423	NA
pr410	ZN001_ZN002_ZN003_ZN004_ZN004_ZN005_ZN003_ZN006_ZN011_zn019_ZN003_ZN004_ZN004_ZN005_ZN003_zn007_ZN007_ZN008_ZN006_ZN009_ZN010	Dv:0465	NA	NA	NA	NA	Jeffreys424	NA
pr411	ZN001_ZN002_ZN003_ZN004_ZN004_ZN005_ZN003_ZN006_ZN017_ZN011_ZN007_ZN008_ZN006_ZN009_ZN010	Rv:0454	NA	NA	NA	NA	Jeffreys425	NA
pr412	ZN001_ZN002_ZN003_ZN004_ZN004_ZN005_ZN003_ZN006_ZN018_ZN006_ZN007_ZN008_ZN006_ZN009_ZN010	Av:0071	NA	NA	NA	NA	Jeffreys426	NA
pr413	ZN001_ZN002_ZN003_ZN004_ZN004_ZN005_ZN003_ZN006_ZN020_ZN016_ZN006_ZN017_ZN006_ZN017_ZN010	L24v:0112	NA	NA	NA	NA	Jeffreys427	NA
pr414	ZN001_ZN002_ZN003_ZN004_ZN004_ZN005_ZN003_ZN006_ZN020_ZN016_ZN006_ZN017_ZN008_ZN006_ZN017_ZN010	Rv:0105	NA	NA	NA	NA	Jeffreys428	NA
pr415	ZN001_ZN002_ZN003_ZN004_ZN004_ZN005_ZN003_ZN006_ZN020_ZN016_ZN006_ZN017_ZN020_ZN016_ZN006_ZN017_ZN010	L24v:0115	NA	NA	NA	NA	Jeffreys430	NA
pr416	ZN001_ZN002_ZN003_ZN004_ZN004_ZN005_ZN003_ZN006_ZN020_ZN016_ZN006_ZN020_ZN016_ZN006_ZN017_ZN010	L24v:0104	NA	NA	NA	NA	Jeffreys431	NA
pr417	ZN001_ZN002_ZN003_ZN004_ZN004_ZN005_ZN003_ZN006_ZN020_ZN016_ZN020_ZN016_ZN006_ZN017_ZN010	L24v:0110	NA	NA	NA	NA	Jeffreys432	NA
pr418	ZN001_ZN002_ZN003_ZN004_ZN004_ZN005_ZN003_ZN006_zn001_ZN010	Av:0006	NA	NA	NA	NA	Jeffreys433	NA
pr419	ZN001_ZN002_ZN003_ZN004_ZN004_ZN005_ZN003_ZN006_zn002_ZN004_ZN005_ZN003_ZN007_ZN008_ZN006_ZN009_ZN010	Av:0084	NA	NA	NA	NA	Jeffreys434	NA
pr420	ZN001_ZN002_ZN003_ZN004_ZN004_ZN005_ZN003_ZN006_zn007_ZN006_ZN011_ZN007_ZN008_ZN006_ZN009_ZN010	Dv:0470	NA	NA	NA	NA	Jeffreys435	NA
pr421	ZN001_ZN002_ZN003_ZN004_ZN004_ZN005_ZN003_ZN006_zn007_ZN007_ZN008_ZN006_ZN011_ZN007_ZN008_ZN006_ZN009_ZN010	Dv:0435	NA	NA	NA	NA	Jeffreys436	NA
pr422	ZN001_ZN002_ZN003_ZN004_ZN004_ZN005_ZN003_ZN006_zn007_zn007_ZN007_ZN008_ZN006_ZN009_ZN010	Uv:0452	NA	NA	NA	NA	Jeffreys437	NA
pr423	ZN001_ZN002_ZN003_ZN004_ZN004_ZN005_ZN003_ZN006_zn007_zn007_zn008_ZN007_ZN008_ZN006_ZN009_ZN010	Av:0529	NA	NA	NA	NA	Jeffreys438	NA
pr424	ZN001_ZN002_ZN003_ZN004_ZN004_ZN005_ZN003_ZN006_zn019_ZN006_ZN009_ZN010	Av:0151	NA	NA	NA	NA	Jeffreys439	NA
pr425	ZN001_ZN002_ZN003_ZN004_ZN004_ZN005_ZN003_ZN006_zn019_ZN007_zn019_zn019_ZN007_ZN008_ZN006_ZN009_ZN010	Av:0420	NA	NA	NA	NA	Jeffreys440	NA
pr426	ZN001_ZN002_ZN003_ZN004_ZN004_ZN005_ZN003_ZN006_zn019_ZN011_ZN007_ZN008_ZN006_ZN009_ZN010	Rv:0456	NA	NA	NA	NA	Jeffreys441	NA
pr427	ZN001_ZN002_ZN003_ZN004_ZN004_ZN005_ZN003_ZN007_ZN008_ZN006_ZN009_ZN010	Av:0009	NA	NA	NA	NA	Jeffreys442	NA
pr428	ZN001_ZN002_ZN003_ZN004_ZN004_ZN005_ZN003_ZN008_ZN006_ZN009_ZN010	Av:0014	NA	NA	NA	NA	Jeffreys443	NA
pr429	ZN001_ZN002_ZN003_ZN004_ZN004_ZN005_ZN003_ZN018_ZN003_ZN006_ZN011_ZN008_ZN012_ZN008_ZN009	Rv:0164	NA	NA	NA	NA	Jeffreys444	NA
pr430	ZN001_ZN002_ZN003_ZN004_ZN004_ZN005_ZN003_zn002_ZN003_ZN004_ZN004_ZN005_zn007_ZN007_ZN008_ZN006_ZN009_ZN010	Av:0495	NA	NA	NA	NA	Jeffreys445	NA
pr431	ZN001_ZN002_ZN003_ZN004_ZN004_ZN005_ZN003_zn004_ZN011_ZN011_ZN007_ZN008_ZN006_ZN009_ZN010	Dv:0516	NA	NA	NA	NA	Jeffreys446	NA
pr432	ZN001_ZN002_ZN003_ZN004_ZN004_ZN005_ZN003_zn005_ZN005_ZN003_ZN006_ZN011_ZN007_ZN008_ZN006_ZN009_ZN010	Dv:0489	NA	NA	NA	NA	Jeffreys447	NA
pr433	ZN001_ZN002_ZN003_ZN004_ZN004_ZN005_ZN003_zn008_ZN006_ZN006_ZN007_ZN008_ZN005_ZN003_zn008_ZN006_ZN006_ZN007_ZN008_ZN006_ZN009_ZN010	Av:0524	NA	NA	NA	NA	Jeffreys448	NA
pr434	ZN001_ZN002_ZN003_ZN004_ZN004_ZN005_ZN004_ZN004_ZN003_ZN006_ZN007_ZN008_ZN006_ZN009_ZN010	Av:0154	NA	NA	NA	NA	Jeffreys449	NA
pr435	ZN001_ZN002_ZN003_ZN004_ZN004_ZN005_ZN004_ZN004_ZN005_ZN003_ZN006_ZN007_ZN008_ZN006_ZN009_ZN010	Av:0055	NA	NA	NA	NA	Jeffreys450	NA
pr436	ZN001_ZN002_ZN003_ZN004_ZN004_ZN005_ZN004_ZN004_zn006_ZN004_ZN005_ZN003_ZN006_ZN007_ZN008_ZN006_ZN009_ZN010	Av:0047	NA	NA	NA	NA	Jeffreys451	NA
pr437	ZN001_ZN002_ZN003_ZN004_ZN004_ZN005_ZN004_ZN005_ZN003_ZN006_ZN007_ZN008_ZN006_ZN009_ZN010	Av:0040	NA	NA	NA	NA	Jeffreys452	NA
pr438	ZN001_ZN002_ZN003_ZN004_ZN004_ZN005_ZN004_ZN018_ZN003_ZN006_ZN011_ZN008_ZN012_ZN008_ZN009_ZN010	Rv:0246	NA	NA	NA	NA	Jeffreys453	NA
pr439	ZN001_ZN002_ZN003_ZN004_ZN004_ZN005_ZN005_ZN003_ZN006_ZN011_ZN007_ZN008_ZN006_ZN009_ZN010	Dv:0512	NA	NA	NA	NA	Jeffreys455	NA
pr440	ZN001_ZN002_ZN003_ZN004_ZN004_ZN005_ZN005_ZN004_ZN004_ZN003_ZN003_ZN006_ZN007_ZN008_ZN006_ZN009_ZN010	Av:0177	NA	NA	NA	NA	Jeffreys456	NA
pr441	ZN001_ZN002_ZN003_ZN004_ZN004_ZN005_ZN005_ZN005_ZN003_ZN006_ZN007_ZN005_ZN004_ZN005_ZN005_ZN003_ZN006_ZN020_ZN016_ZN006_ZN017_ZN010	Rv:0121	NA	NA	NA	NA	Jeffreys457	NA
pr442	ZN001_ZN002_ZN003_ZN004_ZN004_ZN005_ZN005_ZN005_ZN003_ZN006_ZN007_ZN011_ZN006_ZN017_ZN010	L20v:0056	NA	NA	NA	NA	Jeffreys458	NA
pr443	ZN001_ZN002_ZN003_ZN004_ZN004_ZN005_ZN005_ZN006_ZN009_ZN010	Av:0028	NA	NA	NA	NA	Jeffreys459	NA
pr444	ZN001_ZN002_ZN003_ZN004_ZN004_ZN005_ZN006_ZN007_ZN004_ZN003_ZN006_ZN007_ZN008_ZN006_ZN009_ZN010	Av:0527	NA	NA	NA	NA	Jeffreys460	NA
pr445	ZN001_ZN002_ZN003_ZN004_ZN004_ZN005_ZN006_ZN007_ZN006_ZN006_ZN003_ZN006_ZN007_ZN008_ZN006_ZN009_ZN010	Av:0178	NA	NA	NA	NA	Jeffreys461	NA
pr446	ZN001_ZN002_ZN003_ZN004_ZN004_ZN005_ZN006_ZN007_ZN008_ZN006_ZN009_ZN010	Av:0007	NA	NA	NA	NA	Jeffreys462	NA
pr447	ZN001_ZN002_ZN003_ZN004_ZN004_ZN005_ZN006_ZN009_ZN010	Av:0026	NA	NA	NA	NA	Jeffreys463	NA
pr448	ZN001_ZN002_ZN003_ZN004_ZN004_ZN005_ZN007_ZN008_ZN006_ZN009_ZN010	Av:0012	NA	NA	NA	NA	Jeffreys464	NA
pr449	ZN001_ZN002_ZN003_ZN004_ZN004_ZN005_zn002_ZN005_ZN003_ZN006_ZN007_ZN008_ZN006_ZN009_ZN010	Av:0424	NA	NA	NA	NA	Jeffreys465	NA
pr450	ZN001_ZN002_ZN003_ZN004_ZN004_ZN005_zn002_ZN005_ZN006_ZN007_ZN008_ZN006_ZN009_ZN010	Av:0029	NA	NA	NA	NA	Jeffreys466	NA
pr451	ZN001_ZN002_ZN003_ZN004_ZN004_ZN005_zn002_ZN006_ZN007_ZN008_ZN006_ZN009_ZN006_ZN006_ZN006_ZN007_ZN008_ZN006_ZN009_ZN010	Av:0119	NA	NA	NA	NA	Jeffreys467	NA
pr452	ZN001_ZN002_ZN003_ZN004_ZN004_ZN005_zn002_zn002_ZN005_ZN003_ZN006_ZN007_ZN008_ZN006_ZN009_ZN010	Av:0462	NA	NA	NA	NA	Jeffreys468	NA
pr453	ZN001_ZN002_ZN003_ZN004_ZN004_ZN005_zn002_zn002_ZN005_zn002_ZN004_ZN005_ZN003_ZN006_ZN007_ZN008_ZN006_ZN009_ZN010	Av:0094	NA	NA	NA	NA	Jeffreys469	NA
pr454	ZN001_ZN002_ZN003_ZN004_ZN004_ZN005_zn009_zn009_ZN003_ZN004_ZN004_ZN005_ZN003_ZN006_ZN007_ZN008_ZN006_ZN009_ZN010	Av:0065	NA	NA	NA	NA	Jeffreys470	NA
pr455	ZN001_ZN002_ZN003_ZN004_ZN004_ZN005_zn010_ZN022_ZN003_ZN006_ZN007_ZN008_ZN006_ZN009_ZN010	Rv:0075	NA	NA	NA	NA	Jeffreys471	NA
pr456	ZN001_ZN002_ZN003_ZN004_ZN004_ZN005_zn016_ZN010	Av:0122	NA	NA	NA	NA	Jeffreys472	NA
pr457	ZN001_ZN002_ZN003_ZN004_ZN004_ZN006_ZN005_ZN003_ZN021_ZN007_ZN008_ZN006_ZN009_ZN010	Av:0027	NA	NA	NA	NA	Jeffreys473	NA
pr458	ZN001_ZN002_ZN003_ZN004_ZN004_ZN006_ZN007_ZN008_ZN006_ZN009_ZN010	Av:0032	NA	NA	NA	NA	Jeffreys474	NA
pr459	ZN001_ZN002_ZN003_ZN004_ZN004_ZN006_ZN011_ZN008_ZN012_ZN008_ZN009_ZN010	Cv:0207	NA	NA	NA	NA	Jeffreys475	NA
pr460	ZN001_ZN002_ZN003_ZN004_ZN004_ZN018_ZN004_ZN003_ZN003_ZN006_ZN011_ZN008_ZN012_ZN015_ZN009_ZN010	L14v:0362	NA	NA	NA	NA	Jeffreys476	NA
pr461	ZN001_ZN002_ZN003_ZN004_ZN004_ZN018_ZN004_ZN018_ZN003_ZN006_ZN011_ZN008_ZN012_ZN008_ZN009_ZN010	L16v:0388	NA	NA	NA	NA	Jeffreys477	NA
pr462	ZN001_ZN002_ZN003_ZN004_ZN004_ZN022_ZN003_ZN004_ZN004_ZN005_ZN003_ZN006_ZN007_ZN008_ZN006_ZN009_ZN010	Rv:0068	NA	NA	NA	NA	Jeffreys478	NA
pr463	ZN001_ZN002_ZN003_ZN004_ZN004_ZN022_ZN003_ZN006_ZN003_ZN006_ZN003_ZN006_ZN007_ZN008_ZN006_ZN009_ZN010	L27v:0067	NA	NA	NA	NA	Jeffreys479	NA
pr464	ZN001_ZN002_ZN003_ZN004_ZN004_ZN022_ZN003_ZN006_ZN007_ZN008_ZN003_ZN004_ZN004_ZN022_ZN003_ZN006_ZN007_ZN008_ZN006_ZN009_ZN010	L27v:0077	NA	NA	NA	NA	Jeffreys480	NA
pr465	ZN001_ZN002_ZN003_ZN004_ZN004_ZN022_ZN003_ZN006_ZN007_ZN008_ZN004_ZN022_ZN003_ZN006_ZN007_ZN008_ZN006_ZN009_ZN010	L27v:0072	NA	NA	NA	NA	Jeffreys481	NA
pr466	ZN001_ZN002_ZN003_ZN004_ZN004_ZN022_ZN003_ZN006_ZN007_ZN008_zn011_zn011_ZN008_zn011_zn011_ZN008_ZN006_ZN009_ZN010	L27v:0074	NA	NA	NA	NA	Jeffreys483	NA
pr467	ZN001_ZN002_ZN003_ZN004_ZN004_ZN022_ZN004_ZN004_ZN022_ZN003_ZN006_ZN007_ZN008_ZN006_ZN009_ZN010	L27v:0080	NA	NA	NA	NA	Jeffreys484	NA
pr468	ZN001_ZN002_ZN003_ZN004_ZN004_ZN022_ZN005_ZN005_ZN003_ZN006_ZN007_ZN008_ZN006_ZN009_ZN010	Rv:0073	NA	NA	NA	NA	Jeffreys485	NA
pr469	ZN001_ZN002_ZN003_ZN004_ZN004_zn002_ZN003_ZN003_ZN006_ZN011_ZN008_ZN012_ZN015_ZN009_ZN010	L14v:0348	NA	NA	NA	NA	Jeffreys486	NA
pr470	ZN001_ZN002_ZN003_ZN004_ZN004_zn002_ZN004_ZN005_ZN003_ZN006_ZN007_ZN008_ZN006_ZN009_ZN010	Av:0153	NA	NA	NA	NA	Jeffreys487	NA
pr471	ZN001_ZN002_ZN003_ZN004_ZN004_zn002_ZN005_ZN003_ZN006_ZN007_ZN008_ZN006_ZN009_ZN010	Av:0125	NA	NA	NA	NA	Jeffreys488	NA
pr472	ZN001_ZN002_ZN003_ZN004_ZN004_zn002_ZN005_ZN003_ZN006_ZN011_ZN007_ZN008_ZN006_ZN009_ZN010	Dv:0510	NA	NA	NA	NA	Jeffreys489	NA
pr473	ZN001_ZN002_ZN003_ZN004_ZN004_zn002_ZN018_ZN003_ZN006_ZN011_ZN008_ZN012_ZN008_ZN009_ZN010	Cv:0194	NA	NA	NA	NA	Jeffreys490	NA
pr474	ZN001_ZN002_ZN003_ZN004_ZN004_zn006_ZN003_ZN004_ZN022_ZN003_ZN006_ZN007_ZN008_ZN006_ZN009_ZN010	L27v:0079	NA	NA	NA	NA	Jeffreys491	NA
pr475	ZN001_ZN002_ZN003_ZN004_ZN004_zn006_ZN003_ZN005_ZN003_ZN006_ZN020_ZN016_ZN006_ZN017_ZN010	L24v:0108	NA	NA	NA	NA	Jeffreys492	NA
pr476	ZN001_ZN002_ZN003_ZN004_ZN004_zn006_ZN004_ZN005_ZN003_ZN006_ZN007_ZN008_ZN006_ZN009_ZN010	Av:0421	NA	NA	NA	NA	Jeffreys493	NA
pr477	ZN001_ZN002_ZN003_ZN004_ZN004_zn006_ZN005_ZN003_ZN006_ZN007_ZN008_ZN006_ZN009_ZN010	Av:0025	NA	NA	NA	NA	Jeffreys494	NA
pr478	ZN001_ZN002_ZN003_ZN004_ZN005_ZN004_ZN004_ZN005_ZN003_ZN006_ZN020_ZN016_ZN006_ZN017_ZN010	L24v:0106	NA	NA	NA	NA	Jeffreys496	NA
pr479	ZN001_ZN002_ZN003_ZN004_ZN006_ZN003_ZN006_ZN007_ZN008_ZN006_ZN009_ZN010	Av:0043	NA	NA	NA	NA	Jeffreys497	NA
pr480	ZN001_ZN002_ZN003_ZN004_ZN006_ZN007_ZN008_ZN006_ZN009_ZN010	Av:0005	NA	NA	NA	NA	Jeffreys498	NA
pr481	ZN001_ZN002_ZN003_ZN004_ZN014_ZN003_ZN006_ZN007_ZN008_ZN006_ZN009_ZN010	Av:0045	NA	NA	NA	NA	Jeffreys501	NA
pr482	ZN001_ZN002_ZN003_ZN004_ZN018_ZN003_ZN003_ZN003_ZN006_ZN011_ZN008_ZN012_ZN008_ZN009_ZN010	L16v:0381	NA	NA	NA	NA	Jeffreys502	NA
pr483	ZN001_ZN002_ZN003_ZN004_ZN018_ZN003_ZN003_ZN004_ZN003_ZN003_ZN006_ZN011_ZN008_ZN012_ZN008_ZN009_ZN010	Cv:0393	NA	NA	NA	NA	Jeffreys503	NA
pr484	ZN001_ZN002_ZN003_ZN004_ZN018_ZN003_ZN006_ZN004_ZN004_ZN005_ZN003_ZN006_ZN007_ZN008_ZN006_ZN009_ZN010	Rv:0259	NA	NA	NA	NA	Jeffreys504	NA
pr485	ZN001_ZN002_ZN003_ZN004_ZN018_ZN003_ZN006_ZN011_ZN003_ZN003_ZN006_ZN011_ZN008_ZN012_ZN008_ZN009_ZN010	L16v:0373	NA	NA	NA	NA	Jeffreys505	NA
pr486	ZN001_ZN002_ZN003_ZN004_ZN018_ZN003_ZN006_ZN011_ZN008_zn039_ZN011_ZN008_ZN012_ZN008_ZN009_ZN010	L16v:0389	NA	NA	NA	NA	Jeffreys506	NA
pr487	ZN001_ZN002_ZN003_ZN004_ZN018_ZN003_ZN006_ZN011_ZN008_ZN003_ZN006_ZN011_ZN008_ZN006_ZN009_ZN010	Rv:0250	NA	NA	NA	NA	Jeffreys507	NA
pr488	ZN001_ZN002_ZN003_ZN004_ZN018_ZN003_ZN006_ZN011_ZN008_ZN008_ZN008_ZN012_ZN008_ZN009_ZN010	L16v:0383	NA	NA	NA	NA	Jeffreys508	NA
pr489	ZN001_ZN002_ZN003_ZN004_ZN018_ZN003_ZN006_ZN011_ZN008_ZN012_ZN008_ZN008_ZN012_ZN008_ZN009_ZN010	L16v:0390	NA	NA	NA	NA	Jeffreys509	NA
pr490	ZN001_ZN002_ZN003_ZN004_ZN018_ZN003_ZN006_ZN011_ZN008_ZN012_ZN008_ZN009	L15v:0159	NA	NA	NA	NA	Jeffreys510	NA
pr491	ZN001_ZN002_ZN003_ZN004_ZN018_ZN003_ZN006_ZN011_ZN008_ZN012_ZN008_ZN009_ZN008_ZN009_ZN010	L16v:0251	NA	NA	NA	NA	Jeffreys511	NA
pr492	ZN001_ZN002_ZN003_ZN004_ZN018_ZN003_ZN006_ZN011_ZN008_ZN012_ZN008_ZN018_ZN018_ZN004_ZN018_ZN003_ZN006_ZN011_ZN008_ZN012_ZN008_ZN009_ZN010	L16v:0387	NA	NA	NA	NA	Jeffreys513	NA
pr493	ZN001_ZN002_ZN003_ZN004_ZN018_ZN003_ZN006_ZN011_ZN008_ZN012_ZN015_zn040_ZN012_zn041_ZN008_ZN009_ZN010	Rv:0376	NA	NA	NA	NA	Jeffreys514	NA
pr494	ZN001_ZN002_ZN003_ZN004_ZN018_ZN003_ZN006_ZN011_ZN011_zn030_ZN011_ZN008_ZN012_ZN008_ZN009_ZN010	L16v:0244	NA	NA	NA	NA	Jeffreys515	NA
pr495	ZN001_ZN002_ZN003_ZN004_ZN018_ZN003_ZN006_zn007_ZN008_ZN012_ZN008_ZN012_ZN008_ZN009_ZN010	L16v:0249	NA	NA	NA	NA	Jeffreys516	NA
pr496	ZN001_ZN002_ZN003_ZN004_ZN018_ZN003_ZN006_zn007_zn011_ZN008_ZN008_ZN012_ZN008_ZN009_ZN010	L16v:0247	NA	NA	NA	NA	Jeffreys517	NA
pr497	ZN001_ZN002_ZN003_ZN004_ZN018_ZN003_ZN012_ZN008_ZN009_ZN010	Cv:0278	NA	NA	NA	NA	Jeffreys518	NA
pr498	ZN001_ZN002_ZN003_ZN004_ZN018_ZN004_ZN004_ZN003_ZN003_ZN006_ZN011_ZN008_ZN012_ZN008_ZN009_ZN010	Cv:0215	NA	NA	NA	NA	Jeffreys519	NA
pr499	ZN001_ZN002_ZN003_ZN004_ZN018_ZN004_ZN004_ZN004_ZN003_ZN003_ZN006_ZN011_ZN008_ZN012_ZN008_ZN009_ZN010	Cv:0305	NA	NA	NA	NA	Jeffreys520	NA
pr500	ZN001_ZN002_ZN003_ZN004_ZN018_ZN004_ZN004_ZN004_ZN003_ZN004_ZN004_ZN003_ZN003_ZN006_ZN011_ZN008_ZN012_ZN008_ZN009	L15v:0182	NA	NA	NA	NA	Jeffreys521	NA
pr501	ZN001_ZN002_ZN003_ZN004_ZN018_ZN004_ZN004_ZN005_ZN003_ZN006_ZN007_ZN008_ZN006_ZN009_ZN010	Rv:0253	NA	NA	NA	NA	Jeffreys522	NA
pr502	ZN001_ZN002_ZN003_ZN004_ZN018_ZN012_ZN003_ZN004_ZN018_ZN003_ZN006_ZN011_ZN008_ZN012_ZN008_ZN009_ZN010	L16v:0256	NA	NA	NA	NA	Jeffreys523	NA
pr503	ZN001_ZN002_ZN003_ZN004_ZN018_ZN018_ZN018_ZN004_ZN004_ZN005_ZN003_ZN006_ZN020_ZN016_ZN006_ZN017_ZN010	L24v:0111	NA	NA	NA	NA	Jeffreys524	NA
pr504	ZN001_ZN002_ZN003_ZN004_ZN018_zn009_ZN003_ZN004_ZN004_ZN005_ZN003_ZN006_ZN007_ZN008_ZN006_ZN009_ZN010	Av:0392	NA	NA	NA	NA	Jeffreys525	NA
pr505	ZN001_ZN002_ZN003_ZN004_ZN022_zn002_ZN004_ZN005_ZN003_zn002_ZN004_ZN022_ZN003_ZN006_ZN007_ZN008_ZN006_ZN009_ZN010	Rv:0076	NA	NA	NA	NA	Jeffreys526	NA
pr506	ZN001_ZN002_ZN003_ZN004_zn002_ZN004_ZN004_ZN005_ZN003_ZN006_ZN007_ZN008_ZN006_ZN009_ZN010	Av:0501	NA	NA	NA	NA	Jeffreys527	NA
pr507	ZN001_ZN002_ZN003_ZN004_zn010_ZN004_ZN004_ZN003_ZN003_ZN006_ZN011_ZN008_ZN012_ZN008_ZN009	L15v:0158	NA	NA	NA	NA	Jeffreys528	NA
pr508	ZN001_ZN002_ZN003_ZN004_zn014_zn012_ZN003_ZN004_ZN004_ZN005_ZN003_ZN006_ZN007_ZN008_ZN006_ZN009_ZN010	Av:0107	NA	NA	NA	NA	Jeffreys529	NA
pr509	ZN001_ZN002_ZN003_ZN004_zn026_ZN003_ZN004_zn010_zn026_ZN003_ZN004_ZN004_ZN003_ZN003_ZN006_ZN011_ZN008_ZN012_ZN008_ZN009	Rv:0188	NA	NA	NA	NA	Jeffreys530	NA
pr510	ZN001_ZN002_ZN003_ZN005_ZN003_ZN006_ZN007_ZN008_ZN006_ZN009_ZN010	Av:0030	NA	NA	NA	NA	Jeffreys531	NA
pr511	ZN001_ZN002_ZN003_ZN005_ZN004_ZN004_ZN004_ZN004_ZN005_ZN003_ZN006_ZN004_ZN004_ZN005_ZN003_ZN006_ZN007_ZN008_ZN006_ZN009_ZN010	Av:0520	NA	NA	NA	NA	Jeffreys532	NA
pr512	ZN001_ZN002_ZN003_ZN006_ZN007_ZN008_ZN006_ZN009_ZN010	Av:0001	NA	NA	NA	NA	Jeffreys533	NA
pr513	ZN001_ZN002_ZN003_ZN006_ZN011_ZN008_ZN012_ZN008_ZN009	L15v:0126	NA	NA	NA	NA	Jeffreys534	NA
pr514	ZN001_ZN002_ZN003_ZN006_ZN011_ZN008_ZN012_ZN008_ZN009_ZN010	Cv:0197	NA	NA	NA	NA	Jeffreys535	NA
pr515	ZN001_ZN002_ZN003_ZN006_ZN011_ZN008_ZN012_ZN015_ZN017_ZN004_ZN004_ZN003_ZN003_ZN006_ZN011_ZN008_ZN012_ZN015_ZN009_ZN010	L14v:0331	NA	NA	NA	NA	Jeffreys536	NA
pr516	ZN001_ZN002_ZN003_ZN008_ZN006_ZN009_ZN010	Av:0023	NA	NA	NA	NA	Jeffreys537	NA
pr517	ZN001_ZN002_ZN003_ZN011_ZN008_ZN012_ZN008_ZN009_ZN010	Cv:0191	NA	NA	NA	NA	Jeffreys538	NA
pr518	ZN001_ZN002_ZN003_ZN018_ZN004_ZN004_ZN003_ZN003_ZN003_ZN006_ZN011_ZN008_ZN012_ZN008_ZN009_ZN010	Cv:0276	NA	NA	NA	NA	Jeffreys539	NA
pr519	ZN001_ZN002_ZN003_ZN018_ZN004_ZN004_ZN003_ZN003_ZN006_ZN011_ZN008_ZN012_ZN008_ZN009	L15v:0133	NA	NA	NA	NA	Jeffreys540	NA
pr520	ZN001_ZN002_ZN003_zn002_ZN003_ZN004_ZN004_ZN005_ZN003_ZN006_ZN007_ZN008_ZN006_ZN009_ZN010	Av:0152	NA	NA	NA	NA	Jeffreys541	NA
pr521	ZN001_ZN002_ZN003_zn002_ZN004_ZN004_ZN004_ZN004_ZN003_ZN003_ZN006_ZN011_ZN008_ZN012_ZN008_ZN009_ZN010	Cv:0303	NA	NA	NA	NA	Jeffreys542	NA
pr522	ZN001_ZN002_ZN003_zn010_ZN018_ZN004_ZN004_ZN005_ZN003_ZN006_ZN007_ZN008_ZN006_ZN009_ZN010	Av:0418	NA	NA	NA	NA	Jeffreys543	NA
pr523	ZN001_ZN002_ZN003_zn010_zn002_zn010_ZN003_ZN004_ZN004_ZN003_ZN003_ZN006_ZN011_ZN008_ZN012_ZN008_ZN009_ZN010	Cv:0402	NA	NA	NA	NA	Jeffreys544	NA
pr524	ZN001_ZN002_ZN004_ZN004_ZN003_ZN003_ZN006_ZN011_ZN008_ZN012_ZN008_ZN009_ZN010	Cv:0210	NA	NA	NA	NA	Jeffreys545	NA
pr525	ZN001_ZN002_ZN004_ZN004_ZN003_ZN003_ZN006_ZN011_ZN008_ZN012_ZN015_ZN009_ZN010	L14v:0300	NA	NA	NA	NA	Jeffreys546	NA
pr526	ZN001_ZN002_ZN004_ZN004_ZN003_ZN004_ZN004_ZN005_ZN003_ZN006_ZN007_ZN008_ZN006_ZN009_ZN010	Av:0081	NA	NA	NA	NA	Jeffreys547	NA
pr527	ZN001_ZN002_ZN004_ZN004_ZN005_ZN003_ZN006_ZN007_ZN008_ZN006_ZN009_ZN010	Av:0002	NA	NA	NA	NA	Jeffreys548	NA
pr528	ZN001_ZN002_ZN007_ZN008_ZN006_ZN009_ZN010	Av:0021	NA	NA	NA	NA	Jeffreys550	NA
pr529	ZN001_ZN002_zn002_ZN003_ZN004_ZN003_ZN004_ZN003_ZN004_ZN004_ZN005_ZN003_ZN006_ZN007_ZN008_ZN006_ZN009_ZN010	Av:0400	NA	NA	NA	NA	Jeffreys551	NA
pr530	ZN001_ZN002_zn002_ZN004_ZN005_ZN003_ZN006_ZN007_ZN008_ZN006_ZN009_ZN010	Av:0004	NA	NA	NA	NA	Jeffreys552	NA
pr531	ZN001_ZN002_zn002_ZN005_ZN003_ZN006_ZN007_ZN008_ZN006_ZN009_ZN010	Av:0010	NA	NA	NA	NA	Jeffreys553	NA
pr532	ZN001_ZN002_zn005_ZN003_ZN004_ZN004_ZN005_ZN003_ZN006_ZN007_ZN008_ZN006_ZN009_ZN010	Av:0020	NA	NA	NA	NA	Jeffreys554	NA
pr533	ZN001_ZN002_zn020_ZN018_ZN004_ZN004_ZN005_ZN003_ZN006_ZN007_ZN008_ZN006_ZN009_ZN010	Av:0123	NA	NA	NA	NA	Jeffreys555	NA
pr534	ZN001_ZN003_ZN004_ZN004_ZN003_ZN003_ZN006_ZN011_ZN008_ZN012_ZN008_ZN009	L15v:0155	NA	NA	NA	NA	Jeffreys556	NA
pr535	ZN001_ZN004_ZN004_ZN005_ZN003_ZN006_ZN007_ZN008_ZN006_ZN009_ZN010	Av:0008	NA	NA	NA	NA	Jeffreys558	NA
pr536	ZN001_ZN006_ZN007_ZN008_ZN006_ZN009_ZN010	Av:0019	NA	NA	NA	NA	Jeffreys559	NA
pr537	ZN001_zn003_ZN003_ZN006_ZN007_ZN008_ZN006_ZN009_ZN010	Av:0124	NA	NA	NA	NA	Jeffreys560	NA
pr538	ZN001_zn003_ZN003_ZN006_ZN011_ZN008_ZN012_ZN008_ZN009_ZN010	Cv:0277	NA	NA	NA	NA	Jeffreys561	NA
pr539	ZN001_zn003_ZN004_ZN004_ZN005_ZN003_ZN006_ZN007_ZN008_ZN006_ZN009_ZN010	Av:0038	NA	NA	NA	NA	Jeffreys562	NA
pr540	ZN001_zn021_ZN003_ZN003_ZN004_ZN004_ZN003_ZN003_ZN006_ZN011_ZN008_ZN012_ZN008_ZN009	L15v:0131	NA	NA	NA	NA	Jeffreys563	NA
